filename,label
ravdess/Actor_01\03-01-01-01-01-01-01_neutral.wav,03-01-01-01-01-01-01
ravdess/Actor_01\03-01-01-01-01-02-01_neutral.wav,03-01-01-01-01-02-01
ravdess/Actor_01\03-01-01-01-02-01-01_neutral.wav,03-01-01-01-02-01-01
ravdess/Actor_01\03-01-01-01-02-02-01_neutral.wav,03-01-01-01-02-02-01
ravdess/Actor_01\03-01-03-01-01-01-01_happy.wav,03-01-03-01-01-01-01
ravdess/Actor_01\03-01-03-01-01-02-01_happy.wav,03-01-03-01-01-02-01
ravdess/Actor_01\03-01-03-01-02-01-01_happy.wav,03-01-03-01-02-01-01
ravdess/Actor_01\03-01-03-01-02-02-01_happy.wav,03-01-03-01-02-02-01
ravdess/Actor_01\03-01-03-02-01-01-01_happy.wav,03-01-03-02-01-01-01
ravdess/Actor_01\03-01-03-02-02-01-01_happy.wav,03-01-03-02-02-01-01
ravdess/Actor_01\03-01-04-01-01-01-01_sad.wav,03-01-04-01-01-01-01
ravdess/Actor_01\03-01-04-01-01-02-01_sad.wav,03-01-04-01-01-02-01
ravdess/Actor_01\03-01-04-01-02-01-01_sad.wav,03-01-04-01-02-01-01
ravdess/Actor_01\03-01-04-01-02-02-01_sad.wav,03-01-04-01-02-02-01
ravdess/Actor_01\03-01-04-02-01-01-01_sad.wav,03-01-04-02-01-01-01
ravdess/Actor_01\03-01-04-02-01-02-01_sad.wav,03-01-04-02-01-02-01
ravdess/Actor_01\03-01-04-02-02-01-01_sad.wav,03-01-04-02-02-01-01
ravdess/Actor_01\03-01-04-02-02-02-01_sad.wav,03-01-04-02-02-02-01
ravdess/Actor_01\03-01-05-01-01-01-01_angry.wav,03-01-05-01-01-01-01
ravdess/Actor_01\03-01-05-01-01-02-01_angry.wav,03-01-05-01-01-02-01
ravdess/Actor_01\03-01-05-01-02-01-01_angry.wav,03-01-05-01-02-01-01
ravdess/Actor_01\03-01-05-01-02-02-01_angry.wav,03-01-05-01-02-02-01
ravdess/Actor_01\03-01-05-02-01-01-01_angry.wav,03-01-05-02-01-01-01
ravdess/Actor_01\03-01-05-02-01-02-01_angry.wav,03-01-05-02-01-02-01
ravdess/Actor_01\03-01-05-02-02-01-01_angry.wav,03-01-05-02-02-01-01
ravdess/Actor_01\03-01-05-02-02-02-01_angry.wav,03-01-05-02-02-02-01
ravdess/Actor_01\03-01-06-01-01-01-01_fear.wav,03-01-06-01-01-01-01
ravdess/Actor_01\03-01-06-01-01-02-01_fear.wav,03-01-06-01-01-02-01
ravdess/Actor_01\03-01-06-01-02-01-01_fear.wav,03-01-06-01-02-01-01
ravdess/Actor_01\03-01-06-01-02-02-01_fear.wav,03-01-06-01-02-02-01
ravdess/Actor_01\03-01-06-02-01-01-01_fear.wav,03-01-06-02-01-01-01
ravdess/Actor_01\03-01-06-02-01-02-01_fear.wav,03-01-06-02-01-02-01
ravdess/Actor_01\03-01-06-02-02-01-01_fear.wav,03-01-06-02-02-01-01
ravdess/Actor_01\03-01-06-02-02-02-01_fear.wav,03-01-06-02-02-02-01
ravdess/Actor_01\03-01-07-01-01-01-01_disgust.wav,03-01-07-01-01-01-01
ravdess/Actor_01\03-01-07-01-01-02-01_disgust.wav,03-01-07-01-01-02-01
ravdess/Actor_01\03-01-07-01-02-01-01_disgust.wav,03-01-07-01-02-01-01
ravdess/Actor_01\03-01-07-01-02-02-01_disgust.wav,03-01-07-01-02-02-01
ravdess/Actor_01\03-01-07-02-01-01-01_disgust.wav,03-01-07-02-01-01-01
ravdess/Actor_01\03-01-07-02-01-02-01_disgust.wav,03-01-07-02-01-02-01
ravdess/Actor_01\03-01-07-02-02-01-01_disgust.wav,03-01-07-02-02-01-01
ravdess/Actor_01\03-01-07-02-02-02-01_disgust.wav,03-01-07-02-02-02-01
ravdess/Actor_01\03-01-08-01-01-01-01_surprised.wav,03-01-08-01-01-01-01
ravdess/Actor_01\03-01-08-01-01-02-01_surprised.wav,03-01-08-01-01-02-01
ravdess/Actor_01\03-01-08-01-02-01-01_surprised.wav,03-01-08-01-02-01-01
ravdess/Actor_01\03-01-08-01-02-02-01_surprised.wav,03-01-08-01-02-02-01
ravdess/Actor_01\03-01-08-02-01-01-01_surprised.wav,03-01-08-02-01-01-01
ravdess/Actor_01\03-01-08-02-01-02-01_surprised.wav,03-01-08-02-01-02-01
ravdess/Actor_01\03-01-08-02-02-02-01_surprised.wav,03-01-08-02-02-02-01
ravdess/Actor_02\03-01-01-01-01-01-02_neutral.wav,03-01-01-01-01-01-02
ravdess/Actor_02\03-01-01-01-01-02-02_neutral.wav,03-01-01-01-01-02-02
ravdess/Actor_02\03-01-01-01-02-01-02_neutral.wav,03-01-01-01-02-01-02
ravdess/Actor_02\03-01-01-01-02-02-02_neutral.wav,03-01-01-01-02-02-02
ravdess/Actor_02\03-01-03-01-01-01-02_happy.wav,03-01-03-01-01-01-02
ravdess/Actor_02\03-01-03-01-01-02-02_happy.wav,03-01-03-01-01-02-02
ravdess/Actor_02\03-01-03-01-02-01-02_happy.wav,03-01-03-01-02-01-02
ravdess/Actor_02\03-01-03-01-02-02-02_happy.wav,03-01-03-01-02-02-02
ravdess/Actor_02\03-01-03-02-01-01-02_happy.wav,03-01-03-02-01-01-02
ravdess/Actor_02\03-01-03-02-01-02-02_happy.wav,03-01-03-02-01-02-02
ravdess/Actor_02\03-01-03-02-02-01-02_happy.wav,03-01-03-02-02-01-02
ravdess/Actor_02\03-01-03-02-02-02-02_happy.wav,03-01-03-02-02-02-02
ravdess/Actor_02\03-01-04-01-01-01-02_sad.wav,03-01-04-01-01-01-02
ravdess/Actor_02\03-01-04-01-01-02-02_sad.wav,03-01-04-01-01-02-02
ravdess/Actor_02\03-01-04-01-02-01-02_sad.wav,03-01-04-01-02-01-02
ravdess/Actor_02\03-01-04-02-01-02-02_sad.wav,03-01-04-02-01-02-02
ravdess/Actor_02\03-01-04-02-02-01-02_sad.wav,03-01-04-02-02-01-02
ravdess/Actor_02\03-01-04-02-02-02-02_sad.wav,03-01-04-02-02-02-02
ravdess/Actor_02\03-01-05-01-01-01-02_angry.wav,03-01-05-01-01-01-02
ravdess/Actor_02\03-01-05-01-01-02-02_angry.wav,03-01-05-01-01-02-02
ravdess/Actor_02\03-01-05-01-02-01-02_angry.wav,03-01-05-01-02-01-02
ravdess/Actor_02\03-01-05-01-02-02-02_angry.wav,03-01-05-01-02-02-02
ravdess/Actor_02\03-01-05-02-01-01-02_angry.wav,03-01-05-02-01-01-02
ravdess/Actor_02\03-01-05-02-01-02-02_angry.wav,03-01-05-02-01-02-02
ravdess/Actor_02\03-01-05-02-02-01-02_angry.wav,03-01-05-02-02-01-02
ravdess/Actor_02\03-01-05-02-02-02-02_angry.wav,03-01-05-02-02-02-02
ravdess/Actor_02\03-01-06-01-01-01-02_fear.wav,03-01-06-01-01-01-02
ravdess/Actor_02\03-01-06-01-02-01-02_fear.wav,03-01-06-01-02-01-02
ravdess/Actor_02\03-01-06-01-02-02-02_fear.wav,03-01-06-01-02-02-02
ravdess/Actor_02\03-01-06-02-01-01-02_fear.wav,03-01-06-02-01-01-02
ravdess/Actor_02\03-01-06-02-01-02-02_fear.wav,03-01-06-02-01-02-02
ravdess/Actor_02\03-01-06-02-02-01-02_fear.wav,03-01-06-02-02-01-02
ravdess/Actor_02\03-01-07-01-01-01-02_disgust.wav,03-01-07-01-01-01-02
ravdess/Actor_02\03-01-07-01-01-02-02_disgust.wav,03-01-07-01-01-02-02
ravdess/Actor_02\03-01-07-01-02-01-02_disgust.wav,03-01-07-01-02-01-02
ravdess/Actor_02\03-01-07-01-02-02-02_disgust.wav,03-01-07-01-02-02-02
ravdess/Actor_02\03-01-07-02-01-01-02_disgust.wav,03-01-07-02-01-01-02
ravdess/Actor_02\03-01-07-02-01-02-02_disgust.wav,03-01-07-02-01-02-02
ravdess/Actor_02\03-01-07-02-02-01-02_disgust.wav,03-01-07-02-02-01-02
ravdess/Actor_02\03-01-07-02-02-02-02_disgust.wav,03-01-07-02-02-02-02
ravdess/Actor_02\03-01-08-01-01-01-02_surprised.wav,03-01-08-01-01-01-02
ravdess/Actor_02\03-01-08-01-01-02-02_surprised.wav,03-01-08-01-01-02-02
ravdess/Actor_02\03-01-08-01-02-01-02_surprised.wav,03-01-08-01-02-01-02
ravdess/Actor_02\03-01-08-01-02-02-02_surprised.wav,03-01-08-01-02-02-02
ravdess/Actor_02\03-01-08-02-01-02-02_surprised.wav,03-01-08-02-01-02-02
ravdess/Actor_02\03-01-08-02-02-01-02_surprised.wav,03-01-08-02-02-01-02
ravdess/Actor_03\03-01-01-01-01-02-03_neutral.wav,03-01-01-01-01-02-03
ravdess/Actor_03\03-01-01-01-02-01-03_neutral.wav,03-01-01-01-02-01-03
ravdess/Actor_03\03-01-03-01-01-01-03_happy.wav,03-01-03-01-01-01-03
ravdess/Actor_03\03-01-03-01-01-02-03_happy.wav,03-01-03-01-01-02-03
ravdess/Actor_03\03-01-03-01-02-01-03_happy.wav,03-01-03-01-02-01-03
ravdess/Actor_03\03-01-03-01-02-02-03_happy.wav,03-01-03-01-02-02-03
ravdess/Actor_03\03-01-03-02-01-01-03_happy.wav,03-01-03-02-01-01-03
ravdess/Actor_03\03-01-03-02-01-02-03_happy.wav,03-01-03-02-01-02-03
ravdess/Actor_03\03-01-03-02-02-02-03_happy.wav,03-01-03-02-02-02-03
ravdess/Actor_03\03-01-04-01-01-01-03_sad.wav,03-01-04-01-01-01-03
ravdess/Actor_03\03-01-04-01-01-02-03_sad.wav,03-01-04-01-01-02-03
ravdess/Actor_03\03-01-04-01-02-01-03_sad.wav,03-01-04-01-02-01-03
ravdess/Actor_03\03-01-04-01-02-02-03_sad.wav,03-01-04-01-02-02-03
ravdess/Actor_03\03-01-04-02-01-01-03_sad.wav,03-01-04-02-01-01-03
ravdess/Actor_03\03-01-04-02-01-02-03_sad.wav,03-01-04-02-01-02-03
ravdess/Actor_03\03-01-04-02-02-01-03_sad.wav,03-01-04-02-02-01-03
ravdess/Actor_03\03-01-04-02-02-02-03_sad.wav,03-01-04-02-02-02-03
ravdess/Actor_03\03-01-05-01-01-01-03_angry.wav,03-01-05-01-01-01-03
ravdess/Actor_03\03-01-05-01-01-02-03_angry.wav,03-01-05-01-01-02-03
ravdess/Actor_03\03-01-05-01-02-01-03_angry.wav,03-01-05-01-02-01-03
ravdess/Actor_03\03-01-05-02-01-01-03_angry.wav,03-01-05-02-01-01-03
ravdess/Actor_03\03-01-05-02-01-02-03_angry.wav,03-01-05-02-01-02-03
ravdess/Actor_03\03-01-05-02-02-01-03_angry.wav,03-01-05-02-02-01-03
ravdess/Actor_03\03-01-05-02-02-02-03_angry.wav,03-01-05-02-02-02-03
ravdess/Actor_03\03-01-06-01-01-01-03_fear.wav,03-01-06-01-01-01-03
ravdess/Actor_03\03-01-06-01-01-02-03_fear.wav,03-01-06-01-01-02-03
ravdess/Actor_03\03-01-06-01-02-01-03_fear.wav,03-01-06-01-02-01-03
ravdess/Actor_03\03-01-06-01-02-02-03_fear.wav,03-01-06-01-02-02-03
ravdess/Actor_03\03-01-06-02-01-01-03_fear.wav,03-01-06-02-01-01-03
ravdess/Actor_03\03-01-06-02-01-02-03_fear.wav,03-01-06-02-01-02-03
ravdess/Actor_03\03-01-06-02-02-01-03_fear.wav,03-01-06-02-02-01-03
ravdess/Actor_03\03-01-06-02-02-02-03_fear.wav,03-01-06-02-02-02-03
ravdess/Actor_03\03-01-07-01-01-01-03_disgust.wav,03-01-07-01-01-01-03
ravdess/Actor_03\03-01-07-01-01-02-03_disgust.wav,03-01-07-01-01-02-03
ravdess/Actor_03\03-01-07-01-02-01-03_disgust.wav,03-01-07-01-02-01-03
ravdess/Actor_03\03-01-07-02-01-01-03_disgust.wav,03-01-07-02-01-01-03
ravdess/Actor_03\03-01-07-02-01-02-03_disgust.wav,03-01-07-02-01-02-03
ravdess/Actor_03\03-01-07-02-02-01-03_disgust.wav,03-01-07-02-02-01-03
ravdess/Actor_03\03-01-07-02-02-02-03_disgust.wav,03-01-07-02-02-02-03
ravdess/Actor_03\03-01-08-01-01-01-03_surprised.wav,03-01-08-01-01-01-03
ravdess/Actor_03\03-01-08-01-01-02-03_surprised.wav,03-01-08-01-01-02-03
ravdess/Actor_03\03-01-08-01-02-01-03_surprised.wav,03-01-08-01-02-01-03
ravdess/Actor_03\03-01-08-01-02-02-03_surprised.wav,03-01-08-01-02-02-03
ravdess/Actor_03\03-01-08-02-01-01-03_surprised.wav,03-01-08-02-01-01-03
ravdess/Actor_03\03-01-08-02-01-02-03_surprised.wav,03-01-08-02-01-02-03
ravdess/Actor_03\03-01-08-02-02-01-03_surprised.wav,03-01-08-02-02-01-03
ravdess/Actor_03\03-01-08-02-02-02-03_surprised.wav,03-01-08-02-02-02-03
ravdess/Actor_04\03-01-01-01-01-01-04_neutral.wav,03-01-01-01-01-01-04
ravdess/Actor_04\03-01-01-01-01-02-04_neutral.wav,03-01-01-01-01-02-04
ravdess/Actor_04\03-01-01-01-02-02-04_neutral.wav,03-01-01-01-02-02-04
ravdess/Actor_04\03-01-03-01-01-01-04_happy.wav,03-01-03-01-01-01-04
ravdess/Actor_04\03-01-03-01-01-02-04_happy.wav,03-01-03-01-01-02-04
ravdess/Actor_04\03-01-03-01-02-01-04_happy.wav,03-01-03-01-02-01-04
ravdess/Actor_04\03-01-03-01-02-02-04_happy.wav,03-01-03-01-02-02-04
ravdess/Actor_04\03-01-03-02-01-01-04_happy.wav,03-01-03-02-01-01-04
ravdess/Actor_04\03-01-03-02-01-02-04_happy.wav,03-01-03-02-01-02-04
ravdess/Actor_04\03-01-03-02-02-01-04_happy.wav,03-01-03-02-02-01-04
ravdess/Actor_04\03-01-03-02-02-02-04_happy.wav,03-01-03-02-02-02-04
ravdess/Actor_04\03-01-04-01-01-01-04_sad.wav,03-01-04-01-01-01-04
ravdess/Actor_04\03-01-04-01-01-02-04_sad.wav,03-01-04-01-01-02-04
ravdess/Actor_04\03-01-04-01-02-01-04_sad.wav,03-01-04-01-02-01-04
ravdess/Actor_04\03-01-04-01-02-02-04_sad.wav,03-01-04-01-02-02-04
ravdess/Actor_04\03-01-04-02-01-01-04_sad.wav,03-01-04-02-01-01-04
ravdess/Actor_04\03-01-04-02-01-02-04_sad.wav,03-01-04-02-01-02-04
ravdess/Actor_04\03-01-04-02-02-01-04_sad.wav,03-01-04-02-02-01-04
ravdess/Actor_04\03-01-04-02-02-02-04_sad.wav,03-01-04-02-02-02-04
ravdess/Actor_04\03-01-05-01-01-02-04_angry.wav,03-01-05-01-01-02-04
ravdess/Actor_04\03-01-05-01-02-01-04_angry.wav,03-01-05-01-02-01-04
ravdess/Actor_04\03-01-05-01-02-02-04_angry.wav,03-01-05-01-02-02-04
ravdess/Actor_04\03-01-05-02-01-01-04_angry.wav,03-01-05-02-01-01-04
ravdess/Actor_04\03-01-05-02-01-02-04_angry.wav,03-01-05-02-01-02-04
ravdess/Actor_04\03-01-05-02-02-01-04_angry.wav,03-01-05-02-02-01-04
ravdess/Actor_04\03-01-05-02-02-02-04_angry.wav,03-01-05-02-02-02-04
ravdess/Actor_04\03-01-06-01-01-01-04_fear.wav,03-01-06-01-01-01-04
ravdess/Actor_04\03-01-06-01-01-02-04_fear.wav,03-01-06-01-01-02-04
ravdess/Actor_04\03-01-06-01-02-01-04_fear.wav,03-01-06-01-02-01-04
ravdess/Actor_04\03-01-06-01-02-02-04_fear.wav,03-01-06-01-02-02-04
ravdess/Actor_04\03-01-06-02-01-01-04_fear.wav,03-01-06-02-01-01-04
ravdess/Actor_04\03-01-06-02-01-02-04_fear.wav,03-01-06-02-01-02-04
ravdess/Actor_04\03-01-06-02-02-01-04_fear.wav,03-01-06-02-02-01-04
ravdess/Actor_04\03-01-06-02-02-02-04_fear.wav,03-01-06-02-02-02-04
ravdess/Actor_04\03-01-07-01-01-01-04_disgust.wav,03-01-07-01-01-01-04
ravdess/Actor_04\03-01-07-01-01-02-04_disgust.wav,03-01-07-01-01-02-04
ravdess/Actor_04\03-01-07-01-02-01-04_disgust.wav,03-01-07-01-02-01-04
ravdess/Actor_04\03-01-07-01-02-02-04_disgust.wav,03-01-07-01-02-02-04
ravdess/Actor_04\03-01-07-02-01-01-04_disgust.wav,03-01-07-02-01-01-04
ravdess/Actor_04\03-01-07-02-01-02-04_disgust.wav,03-01-07-02-01-02-04
ravdess/Actor_04\03-01-07-02-02-01-04_disgust.wav,03-01-07-02-02-01-04
ravdess/Actor_04\03-01-07-02-02-02-04_disgust.wav,03-01-07-02-02-02-04
ravdess/Actor_04\03-01-08-01-01-01-04_surprised.wav,03-01-08-01-01-01-04
ravdess/Actor_04\03-01-08-01-01-02-04_surprised.wav,03-01-08-01-01-02-04
ravdess/Actor_04\03-01-08-01-02-01-04_surprised.wav,03-01-08-01-02-01-04
ravdess/Actor_04\03-01-08-01-02-02-04_surprised.wav,03-01-08-01-02-02-04
ravdess/Actor_04\03-01-08-02-01-01-04_surprised.wav,03-01-08-02-01-01-04
ravdess/Actor_04\03-01-08-02-01-02-04_surprised.wav,03-01-08-02-01-02-04
ravdess/Actor_04\03-01-08-02-02-01-04_surprised.wav,03-01-08-02-02-01-04
ravdess/Actor_04\03-01-08-02-02-02-04_surprised.wav,03-01-08-02-02-02-04
ravdess/Actor_05\03-01-01-01-01-01-05_neutral.wav,03-01-01-01-01-01-05
ravdess/Actor_05\03-01-01-01-01-02-05_neutral.wav,03-01-01-01-01-02-05
ravdess/Actor_05\03-01-01-01-02-01-05_neutral.wav,03-01-01-01-02-01-05
ravdess/Actor_05\03-01-01-01-02-02-05_neutral.wav,03-01-01-01-02-02-05
ravdess/Actor_05\03-01-03-01-01-01-05_happy.wav,03-01-03-01-01-01-05
ravdess/Actor_05\03-01-03-01-01-02-05_happy.wav,03-01-03-01-01-02-05
ravdess/Actor_05\03-01-03-01-02-01-05_happy.wav,03-01-03-01-02-01-05
ravdess/Actor_05\03-01-03-01-02-02-05_happy.wav,03-01-03-01-02-02-05
ravdess/Actor_05\03-01-03-02-01-01-05_happy.wav,03-01-03-02-01-01-05
ravdess/Actor_05\03-01-03-02-01-02-05_happy.wav,03-01-03-02-01-02-05
ravdess/Actor_05\03-01-03-02-02-01-05_happy.wav,03-01-03-02-02-01-05
ravdess/Actor_05\03-01-03-02-02-02-05_happy.wav,03-01-03-02-02-02-05
ravdess/Actor_05\03-01-04-01-01-01-05_sad.wav,03-01-04-01-01-01-05
ravdess/Actor_05\03-01-04-01-01-02-05_sad.wav,03-01-04-01-01-02-05
ravdess/Actor_05\03-01-04-01-02-01-05_sad.wav,03-01-04-01-02-01-05
ravdess/Actor_05\03-01-04-01-02-02-05_sad.wav,03-01-04-01-02-02-05
ravdess/Actor_05\03-01-04-02-01-02-05_sad.wav,03-01-04-02-01-02-05
ravdess/Actor_05\03-01-04-02-02-01-05_sad.wav,03-01-04-02-02-01-05
ravdess/Actor_05\03-01-04-02-02-02-05_sad.wav,03-01-04-02-02-02-05
ravdess/Actor_05\03-01-05-01-01-01-05_angry.wav,03-01-05-01-01-01-05
ravdess/Actor_05\03-01-05-01-01-02-05_angry.wav,03-01-05-01-01-02-05
ravdess/Actor_05\03-01-05-01-02-01-05_angry.wav,03-01-05-01-02-01-05
ravdess/Actor_05\03-01-05-01-02-02-05_angry.wav,03-01-05-01-02-02-05
ravdess/Actor_05\03-01-05-02-01-01-05_angry.wav,03-01-05-02-01-01-05
ravdess/Actor_05\03-01-05-02-01-02-05_angry.wav,03-01-05-02-01-02-05
ravdess/Actor_05\03-01-05-02-02-01-05_angry.wav,03-01-05-02-02-01-05
ravdess/Actor_05\03-01-05-02-02-02-05_angry.wav,03-01-05-02-02-02-05
ravdess/Actor_05\03-01-06-01-01-01-05_fear.wav,03-01-06-01-01-01-05
ravdess/Actor_05\03-01-06-01-01-02-05_fear.wav,03-01-06-01-01-02-05
ravdess/Actor_05\03-01-06-01-02-01-05_fear.wav,03-01-06-01-02-01-05
ravdess/Actor_05\03-01-06-01-02-02-05_fear.wav,03-01-06-01-02-02-05
ravdess/Actor_05\03-01-06-02-01-01-05_fear.wav,03-01-06-02-01-01-05
ravdess/Actor_05\03-01-06-02-01-02-05_fear.wav,03-01-06-02-01-02-05
ravdess/Actor_05\03-01-06-02-02-01-05_fear.wav,03-01-06-02-02-01-05
ravdess/Actor_05\03-01-06-02-02-02-05_fear.wav,03-01-06-02-02-02-05
ravdess/Actor_05\03-01-07-01-01-01-05_disgust.wav,03-01-07-01-01-01-05
ravdess/Actor_05\03-01-07-01-02-01-05_disgust.wav,03-01-07-01-02-01-05
ravdess/Actor_05\03-01-07-02-01-01-05_disgust.wav,03-01-07-02-01-01-05
ravdess/Actor_05\03-01-07-02-01-02-05_disgust.wav,03-01-07-02-01-02-05
ravdess/Actor_05\03-01-07-02-02-01-05_disgust.wav,03-01-07-02-02-01-05
ravdess/Actor_05\03-01-07-02-02-02-05_disgust.wav,03-01-07-02-02-02-05
ravdess/Actor_05\03-01-08-01-01-01-05_surprised.wav,03-01-08-01-01-01-05
ravdess/Actor_05\03-01-08-01-01-02-05_surprised.wav,03-01-08-01-01-02-05
ravdess/Actor_05\03-01-08-01-02-01-05_surprised.wav,03-01-08-01-02-01-05
ravdess/Actor_05\03-01-08-01-02-02-05_surprised.wav,03-01-08-01-02-02-05
ravdess/Actor_05\03-01-08-02-01-01-05_surprised.wav,03-01-08-02-01-01-05
ravdess/Actor_05\03-01-08-02-01-02-05_surprised.wav,03-01-08-02-01-02-05
ravdess/Actor_05\03-01-08-02-02-01-05_surprised.wav,03-01-08-02-02-01-05
ravdess/Actor_05\03-01-08-02-02-02-05_surprised.wav,03-01-08-02-02-02-05
ravdess/Actor_06\03-01-01-01-01-01-06_neutral.wav,03-01-01-01-01-01-06
ravdess/Actor_06\03-01-01-01-01-02-06_neutral.wav,03-01-01-01-01-02-06
ravdess/Actor_06\03-01-01-01-02-01-06_neutral.wav,03-01-01-01-02-01-06
ravdess/Actor_06\03-01-01-01-02-02-06_neutral.wav,03-01-01-01-02-02-06
ravdess/Actor_06\03-01-03-01-01-01-06_happy.wav,03-01-03-01-01-01-06
ravdess/Actor_06\03-01-03-01-01-02-06_happy.wav,03-01-03-01-01-02-06
ravdess/Actor_06\03-01-03-01-02-01-06_happy.wav,03-01-03-01-02-01-06
ravdess/Actor_06\03-01-03-01-02-02-06_happy.wav,03-01-03-01-02-02-06
ravdess/Actor_06\03-01-03-02-01-01-06_happy.wav,03-01-03-02-01-01-06
ravdess/Actor_06\03-01-03-02-01-02-06_happy.wav,03-01-03-02-01-02-06
ravdess/Actor_06\03-01-03-02-02-01-06_happy.wav,03-01-03-02-02-01-06
ravdess/Actor_06\03-01-03-02-02-02-06_happy.wav,03-01-03-02-02-02-06
ravdess/Actor_06\03-01-04-01-01-01-06_sad.wav,03-01-04-01-01-01-06
ravdess/Actor_06\03-01-04-01-01-02-06_sad.wav,03-01-04-01-01-02-06
ravdess/Actor_06\03-01-04-01-02-01-06_sad.wav,03-01-04-01-02-01-06
ravdess/Actor_06\03-01-04-01-02-02-06_sad.wav,03-01-04-01-02-02-06
ravdess/Actor_06\03-01-04-02-01-01-06_sad.wav,03-01-04-02-01-01-06
ravdess/Actor_06\03-01-04-02-01-02-06_sad.wav,03-01-04-02-01-02-06
ravdess/Actor_06\03-01-04-02-02-01-06_sad.wav,03-01-04-02-02-01-06
ravdess/Actor_06\03-01-04-02-02-02-06_sad.wav,03-01-04-02-02-02-06
ravdess/Actor_06\03-01-05-01-01-01-06_angry.wav,03-01-05-01-01-01-06
ravdess/Actor_06\03-01-05-01-01-02-06_angry.wav,03-01-05-01-01-02-06
ravdess/Actor_06\03-01-05-01-02-01-06_angry.wav,03-01-05-01-02-01-06
ravdess/Actor_06\03-01-05-02-01-01-06_angry.wav,03-01-05-02-01-01-06
ravdess/Actor_06\03-01-05-02-01-02-06_angry.wav,03-01-05-02-01-02-06
ravdess/Actor_06\03-01-05-02-02-01-06_angry.wav,03-01-05-02-02-01-06
ravdess/Actor_06\03-01-06-01-01-01-06_fear.wav,03-01-06-01-01-01-06
ravdess/Actor_06\03-01-06-01-01-02-06_fear.wav,03-01-06-01-01-02-06
ravdess/Actor_06\03-01-06-01-02-01-06_fear.wav,03-01-06-01-02-01-06
ravdess/Actor_06\03-01-06-01-02-02-06_fear.wav,03-01-06-01-02-02-06
ravdess/Actor_06\03-01-06-02-01-01-06_fear.wav,03-01-06-02-01-01-06
ravdess/Actor_06\03-01-06-02-01-02-06_fear.wav,03-01-06-02-01-02-06
ravdess/Actor_06\03-01-06-02-02-01-06_fear.wav,03-01-06-02-02-01-06
ravdess/Actor_06\03-01-06-02-02-02-06_fear.wav,03-01-06-02-02-02-06
ravdess/Actor_06\03-01-07-01-01-01-06_disgust.wav,03-01-07-01-01-01-06
ravdess/Actor_06\03-01-07-01-01-02-06_disgust.wav,03-01-07-01-01-02-06
ravdess/Actor_06\03-01-07-01-02-01-06_disgust.wav,03-01-07-01-02-01-06
ravdess/Actor_06\03-01-07-01-02-02-06_disgust.wav,03-01-07-01-02-02-06
ravdess/Actor_06\03-01-07-02-01-01-06_disgust.wav,03-01-07-02-01-01-06
ravdess/Actor_06\03-01-07-02-01-02-06_disgust.wav,03-01-07-02-01-02-06
ravdess/Actor_06\03-01-07-02-02-01-06_disgust.wav,03-01-07-02-02-01-06
ravdess/Actor_06\03-01-07-02-02-02-06_disgust.wav,03-01-07-02-02-02-06
ravdess/Actor_06\03-01-08-01-01-01-06_surprised.wav,03-01-08-01-01-01-06
ravdess/Actor_06\03-01-08-01-02-01-06_surprised.wav,03-01-08-01-02-01-06
ravdess/Actor_06\03-01-08-01-02-02-06_surprised.wav,03-01-08-01-02-02-06
ravdess/Actor_06\03-01-08-02-01-01-06_surprised.wav,03-01-08-02-01-01-06
ravdess/Actor_06\03-01-08-02-01-02-06_surprised.wav,03-01-08-02-01-02-06
ravdess/Actor_06\03-01-08-02-02-01-06_surprised.wav,03-01-08-02-02-01-06
ravdess/Actor_06\03-01-08-02-02-02-06_surprised.wav,03-01-08-02-02-02-06
ravdess/Actor_07\03-01-01-01-01-02-07_neutral.wav,03-01-01-01-01-02-07
ravdess/Actor_07\03-01-01-01-02-01-07_neutral.wav,03-01-01-01-02-01-07
ravdess/Actor_07\03-01-01-01-02-02-07_neutral.wav,03-01-01-01-02-02-07
ravdess/Actor_07\03-01-03-01-01-01-07_happy.wav,03-01-03-01-01-01-07
ravdess/Actor_07\03-01-03-01-01-02-07_happy.wav,03-01-03-01-01-02-07
ravdess/Actor_07\03-01-03-01-02-01-07_happy.wav,03-01-03-01-02-01-07
ravdess/Actor_07\03-01-03-01-02-02-07_happy.wav,03-01-03-01-02-02-07
ravdess/Actor_07\03-01-03-02-01-01-07_happy.wav,03-01-03-02-01-01-07
ravdess/Actor_07\03-01-03-02-01-02-07_happy.wav,03-01-03-02-01-02-07
ravdess/Actor_07\03-01-03-02-02-01-07_happy.wav,03-01-03-02-02-01-07
ravdess/Actor_07\03-01-03-02-02-02-07_happy.wav,03-01-03-02-02-02-07
ravdess/Actor_07\03-01-04-01-01-01-07_sad.wav,03-01-04-01-01-01-07
ravdess/Actor_07\03-01-04-01-01-02-07_sad.wav,03-01-04-01-01-02-07
ravdess/Actor_07\03-01-04-01-02-01-07_sad.wav,03-01-04-01-02-01-07
ravdess/Actor_07\03-01-04-02-01-01-07_sad.wav,03-01-04-02-01-01-07
ravdess/Actor_07\03-01-04-02-01-02-07_sad.wav,03-01-04-02-01-02-07
ravdess/Actor_07\03-01-04-02-02-01-07_sad.wav,03-01-04-02-02-01-07
ravdess/Actor_07\03-01-04-02-02-02-07_sad.wav,03-01-04-02-02-02-07
ravdess/Actor_07\03-01-05-01-01-01-07_angry.wav,03-01-05-01-01-01-07
ravdess/Actor_07\03-01-05-01-01-02-07_angry.wav,03-01-05-01-01-02-07
ravdess/Actor_07\03-01-05-01-02-01-07_angry.wav,03-01-05-01-02-01-07
ravdess/Actor_07\03-01-05-01-02-02-07_angry.wav,03-01-05-01-02-02-07
ravdess/Actor_07\03-01-05-02-01-01-07_angry.wav,03-01-05-02-01-01-07
ravdess/Actor_07\03-01-05-02-01-02-07_angry.wav,03-01-05-02-01-02-07
ravdess/Actor_07\03-01-05-02-02-01-07_angry.wav,03-01-05-02-02-01-07
ravdess/Actor_07\03-01-05-02-02-02-07_angry.wav,03-01-05-02-02-02-07
ravdess/Actor_07\03-01-06-01-01-01-07_fear.wav,03-01-06-01-01-01-07
ravdess/Actor_07\03-01-06-01-01-02-07_fear.wav,03-01-06-01-01-02-07
ravdess/Actor_07\03-01-06-01-02-01-07_fear.wav,03-01-06-01-02-01-07
ravdess/Actor_07\03-01-06-01-02-02-07_fear.wav,03-01-06-01-02-02-07
ravdess/Actor_07\03-01-06-02-01-01-07_fear.wav,03-01-06-02-01-01-07
ravdess/Actor_07\03-01-06-02-01-02-07_fear.wav,03-01-06-02-01-02-07
ravdess/Actor_07\03-01-06-02-02-01-07_fear.wav,03-01-06-02-02-01-07
ravdess/Actor_07\03-01-06-02-02-02-07_fear.wav,03-01-06-02-02-02-07
ravdess/Actor_07\03-01-07-01-01-01-07_disgust.wav,03-01-07-01-01-01-07
ravdess/Actor_07\03-01-07-01-01-02-07_disgust.wav,03-01-07-01-01-02-07
ravdess/Actor_07\03-01-07-01-02-01-07_disgust.wav,03-01-07-01-02-01-07
ravdess/Actor_07\03-01-07-01-02-02-07_disgust.wav,03-01-07-01-02-02-07
ravdess/Actor_07\03-01-07-02-01-01-07_disgust.wav,03-01-07-02-01-01-07
ravdess/Actor_07\03-01-07-02-01-02-07_disgust.wav,03-01-07-02-01-02-07
ravdess/Actor_07\03-01-07-02-02-01-07_disgust.wav,03-01-07-02-02-01-07
ravdess/Actor_07\03-01-07-02-02-02-07_disgust.wav,03-01-07-02-02-02-07
ravdess/Actor_07\03-01-08-01-01-01-07_surprised.wav,03-01-08-01-01-01-07
ravdess/Actor_07\03-01-08-01-01-02-07_surprised.wav,03-01-08-01-01-02-07
ravdess/Actor_07\03-01-08-01-02-01-07_surprised.wav,03-01-08-01-02-01-07
ravdess/Actor_07\03-01-08-01-02-02-07_surprised.wav,03-01-08-01-02-02-07
ravdess/Actor_07\03-01-08-02-01-01-07_surprised.wav,03-01-08-02-01-01-07
ravdess/Actor_07\03-01-08-02-01-02-07_surprised.wav,03-01-08-02-01-02-07
ravdess/Actor_07\03-01-08-02-02-01-07_surprised.wav,03-01-08-02-02-01-07
ravdess/Actor_07\03-01-08-02-02-02-07_surprised.wav,03-01-08-02-02-02-07
ravdess/Actor_08\03-01-01-01-01-01-08_neutral.wav,03-01-01-01-01-01-08
ravdess/Actor_08\03-01-01-01-01-02-08_neutral.wav,03-01-01-01-01-02-08
ravdess/Actor_08\03-01-01-01-02-01-08_neutral.wav,03-01-01-01-02-01-08
ravdess/Actor_08\03-01-03-01-01-01-08_happy.wav,03-01-03-01-01-01-08
ravdess/Actor_08\03-01-03-01-01-02-08_happy.wav,03-01-03-01-01-02-08
ravdess/Actor_08\03-01-03-01-02-01-08_happy.wav,03-01-03-01-02-01-08
ravdess/Actor_08\03-01-03-01-02-02-08_happy.wav,03-01-03-01-02-02-08
ravdess/Actor_08\03-01-03-02-01-01-08_happy.wav,03-01-03-02-01-01-08
ravdess/Actor_08\03-01-03-02-01-02-08_happy.wav,03-01-03-02-01-02-08
ravdess/Actor_08\03-01-03-02-02-01-08_happy.wav,03-01-03-02-02-01-08
ravdess/Actor_08\03-01-03-02-02-02-08_happy.wav,03-01-03-02-02-02-08
ravdess/Actor_08\03-01-04-01-01-01-08_sad.wav,03-01-04-01-01-01-08
ravdess/Actor_08\03-01-04-01-01-02-08_sad.wav,03-01-04-01-01-02-08
ravdess/Actor_08\03-01-04-01-02-01-08_sad.wav,03-01-04-01-02-01-08
ravdess/Actor_08\03-01-04-01-02-02-08_sad.wav,03-01-04-01-02-02-08
ravdess/Actor_08\03-01-04-02-01-01-08_sad.wav,03-01-04-02-01-01-08
ravdess/Actor_08\03-01-04-02-01-02-08_sad.wav,03-01-04-02-01-02-08
ravdess/Actor_08\03-01-04-02-02-01-08_sad.wav,03-01-04-02-02-01-08
ravdess/Actor_08\03-01-04-02-02-02-08_sad.wav,03-01-04-02-02-02-08
ravdess/Actor_08\03-01-05-01-01-01-08_angry.wav,03-01-05-01-01-01-08
ravdess/Actor_08\03-01-05-01-01-02-08_angry.wav,03-01-05-01-01-02-08
ravdess/Actor_08\03-01-05-01-02-01-08_angry.wav,03-01-05-01-02-01-08
ravdess/Actor_08\03-01-05-01-02-02-08_angry.wav,03-01-05-01-02-02-08
ravdess/Actor_08\03-01-05-02-01-01-08_angry.wav,03-01-05-02-01-01-08
ravdess/Actor_08\03-01-05-02-01-02-08_angry.wav,03-01-05-02-01-02-08
ravdess/Actor_08\03-01-05-02-02-01-08_angry.wav,03-01-05-02-02-01-08
ravdess/Actor_08\03-01-05-02-02-02-08_angry.wav,03-01-05-02-02-02-08
ravdess/Actor_08\03-01-06-01-01-01-08_fear.wav,03-01-06-01-01-01-08
ravdess/Actor_08\03-01-06-01-01-02-08_fear.wav,03-01-06-01-01-02-08
ravdess/Actor_08\03-01-06-01-02-01-08_fear.wav,03-01-06-01-02-01-08
ravdess/Actor_08\03-01-06-01-02-02-08_fear.wav,03-01-06-01-02-02-08
ravdess/Actor_08\03-01-06-02-01-01-08_fear.wav,03-01-06-02-01-01-08
ravdess/Actor_08\03-01-06-02-01-02-08_fear.wav,03-01-06-02-01-02-08
ravdess/Actor_08\03-01-06-02-02-01-08_fear.wav,03-01-06-02-02-01-08
ravdess/Actor_08\03-01-06-02-02-02-08_fear.wav,03-01-06-02-02-02-08
ravdess/Actor_08\03-01-07-01-01-01-08_disgust.wav,03-01-07-01-01-01-08
ravdess/Actor_08\03-01-07-01-01-02-08_disgust.wav,03-01-07-01-01-02-08
ravdess/Actor_08\03-01-07-01-02-01-08_disgust.wav,03-01-07-01-02-01-08
ravdess/Actor_08\03-01-07-02-01-01-08_disgust.wav,03-01-07-02-01-01-08
ravdess/Actor_08\03-01-07-02-01-02-08_disgust.wav,03-01-07-02-01-02-08
ravdess/Actor_08\03-01-07-02-02-01-08_disgust.wav,03-01-07-02-02-01-08
ravdess/Actor_08\03-01-07-02-02-02-08_disgust.wav,03-01-07-02-02-02-08
ravdess/Actor_08\03-01-08-01-01-01-08_surprised.wav,03-01-08-01-01-01-08
ravdess/Actor_08\03-01-08-01-01-02-08_surprised.wav,03-01-08-01-01-02-08
ravdess/Actor_08\03-01-08-01-02-01-08_surprised.wav,03-01-08-01-02-01-08
ravdess/Actor_08\03-01-08-01-02-02-08_surprised.wav,03-01-08-01-02-02-08
ravdess/Actor_08\03-01-08-02-01-01-08_surprised.wav,03-01-08-02-01-01-08
ravdess/Actor_08\03-01-08-02-01-02-08_surprised.wav,03-01-08-02-01-02-08
ravdess/Actor_08\03-01-08-02-02-01-08_surprised.wav,03-01-08-02-02-01-08
ravdess/Actor_08\03-01-08-02-02-02-08_surprised.wav,03-01-08-02-02-02-08
ravdess/Actor_09\03-01-01-01-01-01-09_neutral.wav,03-01-01-01-01-01-09
ravdess/Actor_09\03-01-01-01-01-02-09_neutral.wav,03-01-01-01-01-02-09
ravdess/Actor_09\03-01-01-01-02-01-09_neutral.wav,03-01-01-01-02-01-09
ravdess/Actor_09\03-01-01-01-02-02-09_neutral.wav,03-01-01-01-02-02-09
ravdess/Actor_09\03-01-03-01-01-01-09_happy.wav,03-01-03-01-01-01-09
ravdess/Actor_09\03-01-03-01-01-02-09_happy.wav,03-01-03-01-01-02-09
ravdess/Actor_09\03-01-03-01-02-01-09_happy.wav,03-01-03-01-02-01-09
ravdess/Actor_09\03-01-03-01-02-02-09_happy.wav,03-01-03-01-02-02-09
ravdess/Actor_09\03-01-03-02-01-01-09_happy.wav,03-01-03-02-01-01-09
ravdess/Actor_09\03-01-03-02-01-02-09_happy.wav,03-01-03-02-01-02-09
ravdess/Actor_09\03-01-03-02-02-01-09_happy.wav,03-01-03-02-02-01-09
ravdess/Actor_09\03-01-03-02-02-02-09_happy.wav,03-01-03-02-02-02-09
ravdess/Actor_09\03-01-04-01-01-01-09_sad.wav,03-01-04-01-01-01-09
ravdess/Actor_09\03-01-04-01-02-01-09_sad.wav,03-01-04-01-02-01-09
ravdess/Actor_09\03-01-04-01-02-02-09_sad.wav,03-01-04-01-02-02-09
ravdess/Actor_09\03-01-04-02-01-01-09_sad.wav,03-01-04-02-01-01-09
ravdess/Actor_09\03-01-04-02-01-02-09_sad.wav,03-01-04-02-01-02-09
ravdess/Actor_09\03-01-04-02-02-01-09_sad.wav,03-01-04-02-02-01-09
ravdess/Actor_09\03-01-04-02-02-02-09_sad.wav,03-01-04-02-02-02-09
ravdess/Actor_09\03-01-05-01-01-01-09_angry.wav,03-01-05-01-01-01-09
ravdess/Actor_09\03-01-05-01-01-02-09_angry.wav,03-01-05-01-01-02-09
ravdess/Actor_09\03-01-05-01-02-01-09_angry.wav,03-01-05-01-02-01-09
ravdess/Actor_09\03-01-05-02-01-02-09_angry.wav,03-01-05-02-01-02-09
ravdess/Actor_09\03-01-05-02-02-01-09_angry.wav,03-01-05-02-02-01-09
ravdess/Actor_09\03-01-05-02-02-02-09_angry.wav,03-01-05-02-02-02-09
ravdess/Actor_09\03-01-06-01-01-01-09_fear.wav,03-01-06-01-01-01-09
ravdess/Actor_09\03-01-06-01-01-02-09_fear.wav,03-01-06-01-01-02-09
ravdess/Actor_09\03-01-06-01-02-01-09_fear.wav,03-01-06-01-02-01-09
ravdess/Actor_09\03-01-06-01-02-02-09_fear.wav,03-01-06-01-02-02-09
ravdess/Actor_09\03-01-06-02-01-01-09_fear.wav,03-01-06-02-01-01-09
ravdess/Actor_09\03-01-06-02-01-02-09_fear.wav,03-01-06-02-01-02-09
ravdess/Actor_09\03-01-06-02-02-01-09_fear.wav,03-01-06-02-02-01-09
ravdess/Actor_09\03-01-06-02-02-02-09_fear.wav,03-01-06-02-02-02-09
ravdess/Actor_09\03-01-07-01-01-01-09_disgust.wav,03-01-07-01-01-01-09
ravdess/Actor_09\03-01-07-01-02-01-09_disgust.wav,03-01-07-01-02-01-09
ravdess/Actor_09\03-01-07-01-02-02-09_disgust.wav,03-01-07-01-02-02-09
ravdess/Actor_09\03-01-07-02-01-01-09_disgust.wav,03-01-07-02-01-01-09
ravdess/Actor_09\03-01-07-02-01-02-09_disgust.wav,03-01-07-02-01-02-09
ravdess/Actor_09\03-01-07-02-02-01-09_disgust.wav,03-01-07-02-02-01-09
ravdess/Actor_09\03-01-07-02-02-02-09_disgust.wav,03-01-07-02-02-02-09
ravdess/Actor_09\03-01-08-01-01-01-09_surprised.wav,03-01-08-01-01-01-09
ravdess/Actor_09\03-01-08-01-01-02-09_surprised.wav,03-01-08-01-01-02-09
ravdess/Actor_09\03-01-08-01-02-01-09_surprised.wav,03-01-08-01-02-01-09
ravdess/Actor_09\03-01-08-01-02-02-09_surprised.wav,03-01-08-01-02-02-09
ravdess/Actor_09\03-01-08-02-01-01-09_surprised.wav,03-01-08-02-01-01-09
ravdess/Actor_09\03-01-08-02-02-01-09_surprised.wav,03-01-08-02-02-01-09
ravdess/Actor_09\03-01-08-02-02-02-09_surprised.wav,03-01-08-02-02-02-09
ravdess/Actor_10\03-01-01-01-01-01-10_neutral.wav,03-01-01-01-01-01-10
ravdess/Actor_10\03-01-01-01-01-02-10_neutral.wav,03-01-01-01-01-02-10
ravdess/Actor_10\03-01-01-01-02-01-10_neutral.wav,03-01-01-01-02-01-10
ravdess/Actor_10\03-01-01-01-02-02-10_neutral.wav,03-01-01-01-02-02-10
ravdess/Actor_10\03-01-03-01-01-01-10_happy.wav,03-01-03-01-01-01-10
ravdess/Actor_10\03-01-03-01-01-02-10_happy.wav,03-01-03-01-01-02-10
ravdess/Actor_10\03-01-03-01-02-01-10_happy.wav,03-01-03-01-02-01-10
ravdess/Actor_10\03-01-03-01-02-02-10_happy.wav,03-01-03-01-02-02-10
ravdess/Actor_10\03-01-03-02-01-01-10_happy.wav,03-01-03-02-01-01-10
ravdess/Actor_10\03-01-03-02-01-02-10_happy.wav,03-01-03-02-01-02-10
ravdess/Actor_10\03-01-03-02-02-01-10_happy.wav,03-01-03-02-02-01-10
ravdess/Actor_10\03-01-03-02-02-02-10_happy.wav,03-01-03-02-02-02-10
ravdess/Actor_10\03-01-04-01-01-01-10_sad.wav,03-01-04-01-01-01-10
ravdess/Actor_10\03-01-04-01-01-02-10_sad.wav,03-01-04-01-01-02-10
ravdess/Actor_10\03-01-04-01-02-01-10_sad.wav,03-01-04-01-02-01-10
ravdess/Actor_10\03-01-04-01-02-02-10_sad.wav,03-01-04-01-02-02-10
ravdess/Actor_10\03-01-04-02-01-01-10_sad.wav,03-01-04-02-01-01-10
ravdess/Actor_10\03-01-04-02-01-02-10_sad.wav,03-01-04-02-01-02-10
ravdess/Actor_10\03-01-04-02-02-01-10_sad.wav,03-01-04-02-02-01-10
ravdess/Actor_10\03-01-04-02-02-02-10_sad.wav,03-01-04-02-02-02-10
ravdess/Actor_10\03-01-05-01-01-01-10_angry.wav,03-01-05-01-01-01-10
ravdess/Actor_10\03-01-05-01-02-01-10_angry.wav,03-01-05-01-02-01-10
ravdess/Actor_10\03-01-05-01-02-02-10_angry.wav,03-01-05-01-02-02-10
ravdess/Actor_10\03-01-05-02-01-01-10_angry.wav,03-01-05-02-01-01-10
ravdess/Actor_10\03-01-05-02-01-02-10_angry.wav,03-01-05-02-01-02-10
ravdess/Actor_10\03-01-05-02-02-01-10_angry.wav,03-01-05-02-02-01-10
ravdess/Actor_10\03-01-06-01-01-01-10_fear.wav,03-01-06-01-01-01-10
ravdess/Actor_10\03-01-06-01-01-02-10_fear.wav,03-01-06-01-01-02-10
ravdess/Actor_10\03-01-06-01-02-01-10_fear.wav,03-01-06-01-02-01-10
ravdess/Actor_10\03-01-06-01-02-02-10_fear.wav,03-01-06-01-02-02-10
ravdess/Actor_10\03-01-06-02-01-01-10_fear.wav,03-01-06-02-01-01-10
ravdess/Actor_10\03-01-06-02-01-02-10_fear.wav,03-01-06-02-01-02-10
ravdess/Actor_10\03-01-06-02-02-01-10_fear.wav,03-01-06-02-02-01-10
ravdess/Actor_10\03-01-06-02-02-02-10_fear.wav,03-01-06-02-02-02-10
ravdess/Actor_10\03-01-07-01-01-01-10_disgust.wav,03-01-07-01-01-01-10
ravdess/Actor_10\03-01-07-01-02-01-10_disgust.wav,03-01-07-01-02-01-10
ravdess/Actor_10\03-01-07-01-02-02-10_disgust.wav,03-01-07-01-02-02-10
ravdess/Actor_10\03-01-07-02-01-01-10_disgust.wav,03-01-07-02-01-01-10
ravdess/Actor_10\03-01-07-02-01-02-10_disgust.wav,03-01-07-02-01-02-10
ravdess/Actor_10\03-01-07-02-02-01-10_disgust.wav,03-01-07-02-02-01-10
ravdess/Actor_10\03-01-07-02-02-02-10_disgust.wav,03-01-07-02-02-02-10
ravdess/Actor_10\03-01-08-01-01-01-10_surprised.wav,03-01-08-01-01-01-10
ravdess/Actor_10\03-01-08-01-01-02-10_surprised.wav,03-01-08-01-01-02-10
ravdess/Actor_10\03-01-08-01-02-01-10_surprised.wav,03-01-08-01-02-01-10
ravdess/Actor_10\03-01-08-01-02-02-10_surprised.wav,03-01-08-01-02-02-10
ravdess/Actor_10\03-01-08-02-01-01-10_surprised.wav,03-01-08-02-01-01-10
ravdess/Actor_10\03-01-08-02-01-02-10_surprised.wav,03-01-08-02-01-02-10
ravdess/Actor_10\03-01-08-02-02-01-10_surprised.wav,03-01-08-02-02-01-10
ravdess/Actor_10\03-01-08-02-02-02-10_surprised.wav,03-01-08-02-02-02-10
ravdess/Actor_11\03-01-01-01-01-01-11_neutral.wav,03-01-01-01-01-01-11
ravdess/Actor_11\03-01-01-01-01-02-11_neutral.wav,03-01-01-01-01-02-11
ravdess/Actor_11\03-01-01-01-02-01-11_neutral.wav,03-01-01-01-02-01-11
ravdess/Actor_11\03-01-01-01-02-02-11_neutral.wav,03-01-01-01-02-02-11
ravdess/Actor_11\03-01-03-01-01-01-11_happy.wav,03-01-03-01-01-01-11
ravdess/Actor_11\03-01-03-01-02-01-11_happy.wav,03-01-03-01-02-01-11
ravdess/Actor_11\03-01-03-01-02-02-11_happy.wav,03-01-03-01-02-02-11
ravdess/Actor_11\03-01-03-02-01-01-11_happy.wav,03-01-03-02-01-01-11
ravdess/Actor_11\03-01-03-02-01-02-11_happy.wav,03-01-03-02-01-02-11
ravdess/Actor_11\03-01-03-02-02-01-11_happy.wav,03-01-03-02-02-01-11
ravdess/Actor_11\03-01-03-02-02-02-11_happy.wav,03-01-03-02-02-02-11
ravdess/Actor_11\03-01-04-01-01-01-11_sad.wav,03-01-04-01-01-01-11
ravdess/Actor_11\03-01-04-01-01-02-11_sad.wav,03-01-04-01-01-02-11
ravdess/Actor_11\03-01-04-01-02-01-11_sad.wav,03-01-04-01-02-01-11
ravdess/Actor_11\03-01-04-01-02-02-11_sad.wav,03-01-04-01-02-02-11
ravdess/Actor_11\03-01-04-02-01-01-11_sad.wav,03-01-04-02-01-01-11
ravdess/Actor_11\03-01-04-02-01-02-11_sad.wav,03-01-04-02-01-02-11
ravdess/Actor_11\03-01-04-02-02-01-11_sad.wav,03-01-04-02-02-01-11
ravdess/Actor_11\03-01-04-02-02-02-11_sad.wav,03-01-04-02-02-02-11
ravdess/Actor_11\03-01-05-01-01-01-11_angry.wav,03-01-05-01-01-01-11
ravdess/Actor_11\03-01-05-01-01-02-11_angry.wav,03-01-05-01-01-02-11
ravdess/Actor_11\03-01-05-01-02-01-11_angry.wav,03-01-05-01-02-01-11
ravdess/Actor_11\03-01-05-01-02-02-11_angry.wav,03-01-05-01-02-02-11
ravdess/Actor_11\03-01-05-02-01-01-11_angry.wav,03-01-05-02-01-01-11
ravdess/Actor_11\03-01-05-02-01-02-11_angry.wav,03-01-05-02-01-02-11
ravdess/Actor_11\03-01-05-02-02-01-11_angry.wav,03-01-05-02-02-01-11
ravdess/Actor_11\03-01-05-02-02-02-11_angry.wav,03-01-05-02-02-02-11
ravdess/Actor_11\03-01-06-01-01-01-11_fear.wav,03-01-06-01-01-01-11
ravdess/Actor_11\03-01-06-01-01-02-11_fear.wav,03-01-06-01-01-02-11
ravdess/Actor_11\03-01-06-01-02-01-11_fear.wav,03-01-06-01-02-01-11
ravdess/Actor_11\03-01-06-01-02-02-11_fear.wav,03-01-06-01-02-02-11
ravdess/Actor_11\03-01-06-02-01-01-11_fear.wav,03-01-06-02-01-01-11
ravdess/Actor_11\03-01-06-02-02-01-11_fear.wav,03-01-06-02-02-01-11
ravdess/Actor_11\03-01-06-02-02-02-11_fear.wav,03-01-06-02-02-02-11
ravdess/Actor_11\03-01-07-01-01-01-11_disgust.wav,03-01-07-01-01-01-11
ravdess/Actor_11\03-01-07-01-01-02-11_disgust.wav,03-01-07-01-01-02-11
ravdess/Actor_11\03-01-07-01-02-01-11_disgust.wav,03-01-07-01-02-01-11
ravdess/Actor_11\03-01-07-01-02-02-11_disgust.wav,03-01-07-01-02-02-11
ravdess/Actor_11\03-01-07-02-01-01-11_disgust.wav,03-01-07-02-01-01-11
ravdess/Actor_11\03-01-07-02-01-02-11_disgust.wav,03-01-07-02-01-02-11
ravdess/Actor_11\03-01-07-02-02-01-11_disgust.wav,03-01-07-02-02-01-11
ravdess/Actor_11\03-01-07-02-02-02-11_disgust.wav,03-01-07-02-02-02-11
ravdess/Actor_11\03-01-08-01-01-01-11_surprised.wav,03-01-08-01-01-01-11
ravdess/Actor_11\03-01-08-01-01-02-11_surprised.wav,03-01-08-01-01-02-11
ravdess/Actor_11\03-01-08-01-02-01-11_surprised.wav,03-01-08-01-02-01-11
ravdess/Actor_11\03-01-08-01-02-02-11_surprised.wav,03-01-08-01-02-02-11
ravdess/Actor_11\03-01-08-02-01-01-11_surprised.wav,03-01-08-02-01-01-11
ravdess/Actor_11\03-01-08-02-01-02-11_surprised.wav,03-01-08-02-01-02-11
ravdess/Actor_11\03-01-08-02-02-01-11_surprised.wav,03-01-08-02-02-01-11
ravdess/Actor_11\03-01-08-02-02-02-11_surprised.wav,03-01-08-02-02-02-11
ravdess/Actor_12\03-01-01-01-01-01-12_neutral.wav,03-01-01-01-01-01-12
ravdess/Actor_12\03-01-01-01-01-02-12_neutral.wav,03-01-01-01-01-02-12
ravdess/Actor_12\03-01-01-01-02-01-12_neutral.wav,03-01-01-01-02-01-12
ravdess/Actor_12\03-01-03-01-01-01-12_happy.wav,03-01-03-01-01-01-12
ravdess/Actor_12\03-01-03-01-01-02-12_happy.wav,03-01-03-01-01-02-12
ravdess/Actor_12\03-01-03-01-02-02-12_happy.wav,03-01-03-01-02-02-12
ravdess/Actor_12\03-01-03-02-01-02-12_happy.wav,03-01-03-02-01-02-12
ravdess/Actor_12\03-01-03-02-02-01-12_happy.wav,03-01-03-02-02-01-12
ravdess/Actor_12\03-01-03-02-02-02-12_happy.wav,03-01-03-02-02-02-12
ravdess/Actor_12\03-01-04-01-01-01-12_sad.wav,03-01-04-01-01-01-12
ravdess/Actor_12\03-01-04-01-01-02-12_sad.wav,03-01-04-01-01-02-12
ravdess/Actor_12\03-01-04-01-02-01-12_sad.wav,03-01-04-01-02-01-12
ravdess/Actor_12\03-01-04-01-02-02-12_sad.wav,03-01-04-01-02-02-12
ravdess/Actor_12\03-01-04-02-01-01-12_sad.wav,03-01-04-02-01-01-12
ravdess/Actor_12\03-01-04-02-01-02-12_sad.wav,03-01-04-02-01-02-12
ravdess/Actor_12\03-01-04-02-02-01-12_sad.wav,03-01-04-02-02-01-12
ravdess/Actor_12\03-01-04-02-02-02-12_sad.wav,03-01-04-02-02-02-12
ravdess/Actor_12\03-01-05-01-01-01-12_angry.wav,03-01-05-01-01-01-12
ravdess/Actor_12\03-01-05-01-01-02-12_angry.wav,03-01-05-01-01-02-12
ravdess/Actor_12\03-01-05-01-02-01-12_angry.wav,03-01-05-01-02-01-12
ravdess/Actor_12\03-01-05-01-02-02-12_angry.wav,03-01-05-01-02-02-12
ravdess/Actor_12\03-01-05-02-01-01-12_angry.wav,03-01-05-02-01-01-12
ravdess/Actor_12\03-01-05-02-01-02-12_angry.wav,03-01-05-02-01-02-12
ravdess/Actor_12\03-01-05-02-02-01-12_angry.wav,03-01-05-02-02-01-12
ravdess/Actor_12\03-01-05-02-02-02-12_angry.wav,03-01-05-02-02-02-12
ravdess/Actor_12\03-01-06-01-01-01-12_fear.wav,03-01-06-01-01-01-12
ravdess/Actor_12\03-01-06-01-01-02-12_fear.wav,03-01-06-01-01-02-12
ravdess/Actor_12\03-01-06-01-02-01-12_fear.wav,03-01-06-01-02-01-12
ravdess/Actor_12\03-01-06-01-02-02-12_fear.wav,03-01-06-01-02-02-12
ravdess/Actor_12\03-01-06-02-01-01-12_fear.wav,03-01-06-02-01-01-12
ravdess/Actor_12\03-01-06-02-01-02-12_fear.wav,03-01-06-02-01-02-12
ravdess/Actor_12\03-01-06-02-02-01-12_fear.wav,03-01-06-02-02-01-12
ravdess/Actor_12\03-01-06-02-02-02-12_fear.wav,03-01-06-02-02-02-12
ravdess/Actor_12\03-01-07-01-01-01-12_disgust.wav,03-01-07-01-01-01-12
ravdess/Actor_12\03-01-07-01-01-02-12_disgust.wav,03-01-07-01-01-02-12
ravdess/Actor_12\03-01-07-01-02-02-12_disgust.wav,03-01-07-01-02-02-12
ravdess/Actor_12\03-01-07-02-01-01-12_disgust.wav,03-01-07-02-01-01-12
ravdess/Actor_12\03-01-07-02-01-02-12_disgust.wav,03-01-07-02-01-02-12
ravdess/Actor_12\03-01-07-02-02-01-12_disgust.wav,03-01-07-02-02-01-12
ravdess/Actor_12\03-01-07-02-02-02-12_disgust.wav,03-01-07-02-02-02-12
ravdess/Actor_12\03-01-08-01-01-01-12_surprised.wav,03-01-08-01-01-01-12
ravdess/Actor_12\03-01-08-01-01-02-12_surprised.wav,03-01-08-01-01-02-12
ravdess/Actor_12\03-01-08-01-02-01-12_surprised.wav,03-01-08-01-02-01-12
ravdess/Actor_12\03-01-08-01-02-02-12_surprised.wav,03-01-08-01-02-02-12
ravdess/Actor_12\03-01-08-02-01-01-12_surprised.wav,03-01-08-02-01-01-12
ravdess/Actor_12\03-01-08-02-01-02-12_surprised.wav,03-01-08-02-01-02-12
ravdess/Actor_12\03-01-08-02-02-01-12_surprised.wav,03-01-08-02-02-01-12
ravdess/Actor_12\03-01-08-02-02-02-12_surprised.wav,03-01-08-02-02-02-12
ravdess/Actor_13\03-01-01-01-01-01-13_neutral.wav,03-01-01-01-01-01-13
ravdess/Actor_13\03-01-01-01-01-02-13_neutral.wav,03-01-01-01-01-02-13
ravdess/Actor_13\03-01-01-01-02-01-13_neutral.wav,03-01-01-01-02-01-13
ravdess/Actor_13\03-01-01-01-02-02-13_neutral.wav,03-01-01-01-02-02-13
ravdess/Actor_13\03-01-03-01-01-01-13_happy.wav,03-01-03-01-01-01-13
ravdess/Actor_13\03-01-03-01-01-02-13_happy.wav,03-01-03-01-01-02-13
ravdess/Actor_13\03-01-03-01-02-01-13_happy.wav,03-01-03-01-02-01-13
ravdess/Actor_13\03-01-03-01-02-02-13_happy.wav,03-01-03-01-02-02-13
ravdess/Actor_13\03-01-03-02-01-01-13_happy.wav,03-01-03-02-01-01-13
ravdess/Actor_13\03-01-03-02-01-02-13_happy.wav,03-01-03-02-01-02-13
ravdess/Actor_13\03-01-03-02-02-01-13_happy.wav,03-01-03-02-02-01-13
ravdess/Actor_13\03-01-03-02-02-02-13_happy.wav,03-01-03-02-02-02-13
ravdess/Actor_13\03-01-04-01-01-01-13_sad.wav,03-01-04-01-01-01-13
ravdess/Actor_13\03-01-04-01-01-02-13_sad.wav,03-01-04-01-01-02-13
ravdess/Actor_13\03-01-04-01-02-01-13_sad.wav,03-01-04-01-02-01-13
ravdess/Actor_13\03-01-04-01-02-02-13_sad.wav,03-01-04-01-02-02-13
ravdess/Actor_13\03-01-04-02-01-01-13_sad.wav,03-01-04-02-01-01-13
ravdess/Actor_13\03-01-04-02-01-02-13_sad.wav,03-01-04-02-01-02-13
ravdess/Actor_13\03-01-04-02-02-01-13_sad.wav,03-01-04-02-02-01-13
ravdess/Actor_13\03-01-04-02-02-02-13_sad.wav,03-01-04-02-02-02-13
ravdess/Actor_13\03-01-05-01-01-01-13_angry.wav,03-01-05-01-01-01-13
ravdess/Actor_13\03-01-05-01-01-02-13_angry.wav,03-01-05-01-01-02-13
ravdess/Actor_13\03-01-05-01-02-01-13_angry.wav,03-01-05-01-02-01-13
ravdess/Actor_13\03-01-05-01-02-02-13_angry.wav,03-01-05-01-02-02-13
ravdess/Actor_13\03-01-05-02-01-01-13_angry.wav,03-01-05-02-01-01-13
ravdess/Actor_13\03-01-05-02-01-02-13_angry.wav,03-01-05-02-01-02-13
ravdess/Actor_13\03-01-05-02-02-01-13_angry.wav,03-01-05-02-02-01-13
ravdess/Actor_13\03-01-05-02-02-02-13_angry.wav,03-01-05-02-02-02-13
ravdess/Actor_13\03-01-06-01-01-01-13_fear.wav,03-01-06-01-01-01-13
ravdess/Actor_13\03-01-06-01-01-02-13_fear.wav,03-01-06-01-01-02-13
ravdess/Actor_13\03-01-06-01-02-01-13_fear.wav,03-01-06-01-02-01-13
ravdess/Actor_13\03-01-06-01-02-02-13_fear.wav,03-01-06-01-02-02-13
ravdess/Actor_13\03-01-06-02-01-01-13_fear.wav,03-01-06-02-01-01-13
ravdess/Actor_13\03-01-06-02-01-02-13_fear.wav,03-01-06-02-01-02-13
ravdess/Actor_13\03-01-06-02-02-01-13_fear.wav,03-01-06-02-02-01-13
ravdess/Actor_13\03-01-06-02-02-02-13_fear.wav,03-01-06-02-02-02-13
ravdess/Actor_13\03-01-07-01-01-01-13_disgust.wav,03-01-07-01-01-01-13
ravdess/Actor_13\03-01-07-01-01-02-13_disgust.wav,03-01-07-01-01-02-13
ravdess/Actor_13\03-01-07-01-02-01-13_disgust.wav,03-01-07-01-02-01-13
ravdess/Actor_13\03-01-07-01-02-02-13_disgust.wav,03-01-07-01-02-02-13
ravdess/Actor_13\03-01-07-02-01-01-13_disgust.wav,03-01-07-02-01-01-13
ravdess/Actor_13\03-01-07-02-01-02-13_disgust.wav,03-01-07-02-01-02-13
ravdess/Actor_13\03-01-07-02-02-01-13_disgust.wav,03-01-07-02-02-01-13
ravdess/Actor_13\03-01-07-02-02-02-13_disgust.wav,03-01-07-02-02-02-13
ravdess/Actor_13\03-01-08-01-01-01-13_surprised.wav,03-01-08-01-01-01-13
ravdess/Actor_13\03-01-08-01-01-02-13_surprised.wav,03-01-08-01-01-02-13
ravdess/Actor_13\03-01-08-01-02-01-13_surprised.wav,03-01-08-01-02-01-13
ravdess/Actor_13\03-01-08-01-02-02-13_surprised.wav,03-01-08-01-02-02-13
ravdess/Actor_13\03-01-08-02-01-01-13_surprised.wav,03-01-08-02-01-01-13
ravdess/Actor_13\03-01-08-02-01-02-13_surprised.wav,03-01-08-02-01-02-13
ravdess/Actor_13\03-01-08-02-02-01-13_surprised.wav,03-01-08-02-02-01-13
ravdess/Actor_13\03-01-08-02-02-02-13_surprised.wav,03-01-08-02-02-02-13
ravdess/Actor_14\03-01-01-01-01-01-14_neutral.wav,03-01-01-01-01-01-14
ravdess/Actor_14\03-01-01-01-01-02-14_neutral.wav,03-01-01-01-01-02-14
ravdess/Actor_14\03-01-01-01-02-01-14_neutral.wav,03-01-01-01-02-01-14
ravdess/Actor_14\03-01-01-01-02-02-14_neutral.wav,03-01-01-01-02-02-14
ravdess/Actor_14\03-01-03-01-01-02-14_happy.wav,03-01-03-01-01-02-14
ravdess/Actor_14\03-01-03-01-02-01-14_happy.wav,03-01-03-01-02-01-14
ravdess/Actor_14\03-01-03-01-02-02-14_happy.wav,03-01-03-01-02-02-14
ravdess/Actor_14\03-01-03-02-01-01-14_happy.wav,03-01-03-02-01-01-14
ravdess/Actor_14\03-01-03-02-01-02-14_happy.wav,03-01-03-02-01-02-14
ravdess/Actor_14\03-01-03-02-02-01-14_happy.wav,03-01-03-02-02-01-14
ravdess/Actor_14\03-01-03-02-02-02-14_happy.wav,03-01-03-02-02-02-14
ravdess/Actor_14\03-01-04-01-01-01-14_sad.wav,03-01-04-01-01-01-14
ravdess/Actor_14\03-01-04-01-01-02-14_sad.wav,03-01-04-01-01-02-14
ravdess/Actor_14\03-01-04-01-02-01-14_sad.wav,03-01-04-01-02-01-14
ravdess/Actor_14\03-01-04-01-02-02-14_sad.wav,03-01-04-01-02-02-14
ravdess/Actor_14\03-01-04-02-01-01-14_sad.wav,03-01-04-02-01-01-14
ravdess/Actor_14\03-01-04-02-01-02-14_sad.wav,03-01-04-02-01-02-14
ravdess/Actor_14\03-01-04-02-02-01-14_sad.wav,03-01-04-02-02-01-14
ravdess/Actor_14\03-01-04-02-02-02-14_sad.wav,03-01-04-02-02-02-14
ravdess/Actor_14\03-01-05-01-01-01-14_angry.wav,03-01-05-01-01-01-14
ravdess/Actor_14\03-01-05-01-02-01-14_angry.wav,03-01-05-01-02-01-14
ravdess/Actor_14\03-01-05-01-02-02-14_angry.wav,03-01-05-01-02-02-14
ravdess/Actor_14\03-01-05-02-01-01-14_angry.wav,03-01-05-02-01-01-14
ravdess/Actor_14\03-01-05-02-01-02-14_angry.wav,03-01-05-02-01-02-14
ravdess/Actor_14\03-01-05-02-02-01-14_angry.wav,03-01-05-02-02-01-14
ravdess/Actor_14\03-01-05-02-02-02-14_angry.wav,03-01-05-02-02-02-14
ravdess/Actor_14\03-01-06-01-01-01-14_fear.wav,03-01-06-01-01-01-14
ravdess/Actor_14\03-01-06-01-01-02-14_fear.wav,03-01-06-01-01-02-14
ravdess/Actor_14\03-01-06-01-02-01-14_fear.wav,03-01-06-01-02-01-14
ravdess/Actor_14\03-01-06-01-02-02-14_fear.wav,03-01-06-01-02-02-14
ravdess/Actor_14\03-01-06-02-01-01-14_fear.wav,03-01-06-02-01-01-14
ravdess/Actor_14\03-01-06-02-01-02-14_fear.wav,03-01-06-02-01-02-14
ravdess/Actor_14\03-01-06-02-02-01-14_fear.wav,03-01-06-02-02-01-14
ravdess/Actor_14\03-01-06-02-02-02-14_fear.wav,03-01-06-02-02-02-14
ravdess/Actor_14\03-01-07-01-01-01-14_disgust.wav,03-01-07-01-01-01-14
ravdess/Actor_14\03-01-07-01-01-02-14_disgust.wav,03-01-07-01-01-02-14
ravdess/Actor_14\03-01-07-01-02-01-14_disgust.wav,03-01-07-01-02-01-14
ravdess/Actor_14\03-01-07-01-02-02-14_disgust.wav,03-01-07-01-02-02-14
ravdess/Actor_14\03-01-07-02-01-01-14_disgust.wav,03-01-07-02-01-01-14
ravdess/Actor_14\03-01-07-02-01-02-14_disgust.wav,03-01-07-02-01-02-14
ravdess/Actor_14\03-01-07-02-02-01-14_disgust.wav,03-01-07-02-02-01-14
ravdess/Actor_14\03-01-07-02-02-02-14_disgust.wav,03-01-07-02-02-02-14
ravdess/Actor_14\03-01-08-01-01-01-14_surprised.wav,03-01-08-01-01-01-14
ravdess/Actor_14\03-01-08-01-01-02-14_surprised.wav,03-01-08-01-01-02-14
ravdess/Actor_14\03-01-08-01-02-01-14_surprised.wav,03-01-08-01-02-01-14
ravdess/Actor_14\03-01-08-01-02-02-14_surprised.wav,03-01-08-01-02-02-14
ravdess/Actor_14\03-01-08-02-01-01-14_surprised.wav,03-01-08-02-01-01-14
ravdess/Actor_14\03-01-08-02-01-02-14_surprised.wav,03-01-08-02-01-02-14
ravdess/Actor_14\03-01-08-02-02-01-14_surprised.wav,03-01-08-02-02-01-14
ravdess/Actor_14\03-01-08-02-02-02-14_surprised.wav,03-01-08-02-02-02-14
ravdess/Actor_15\03-01-01-01-01-01-15_neutral.wav,03-01-01-01-01-01-15
ravdess/Actor_15\03-01-01-01-01-02-15_neutral.wav,03-01-01-01-01-02-15
ravdess/Actor_15\03-01-01-01-02-01-15_neutral.wav,03-01-01-01-02-01-15
ravdess/Actor_15\03-01-01-01-02-02-15_neutral.wav,03-01-01-01-02-02-15
ravdess/Actor_15\03-01-03-01-01-02-15_happy.wav,03-01-03-01-01-02-15
ravdess/Actor_15\03-01-03-01-02-01-15_happy.wav,03-01-03-01-02-01-15
ravdess/Actor_15\03-01-03-01-02-02-15_happy.wav,03-01-03-01-02-02-15
ravdess/Actor_15\03-01-03-02-01-02-15_happy.wav,03-01-03-02-01-02-15
ravdess/Actor_15\03-01-03-02-02-01-15_happy.wav,03-01-03-02-02-01-15
ravdess/Actor_15\03-01-03-02-02-02-15_happy.wav,03-01-03-02-02-02-15
ravdess/Actor_15\03-01-04-01-01-01-15_sad.wav,03-01-04-01-01-01-15
ravdess/Actor_15\03-01-04-01-01-02-15_sad.wav,03-01-04-01-01-02-15
ravdess/Actor_15\03-01-04-01-02-01-15_sad.wav,03-01-04-01-02-01-15
ravdess/Actor_15\03-01-04-01-02-02-15_sad.wav,03-01-04-01-02-02-15
ravdess/Actor_15\03-01-04-02-01-01-15_sad.wav,03-01-04-02-01-01-15
ravdess/Actor_15\03-01-04-02-01-02-15_sad.wav,03-01-04-02-01-02-15
ravdess/Actor_15\03-01-04-02-02-01-15_sad.wav,03-01-04-02-02-01-15
ravdess/Actor_15\03-01-05-01-01-01-15_angry.wav,03-01-05-01-01-01-15
ravdess/Actor_15\03-01-05-01-01-02-15_angry.wav,03-01-05-01-01-02-15
ravdess/Actor_15\03-01-05-01-02-01-15_angry.wav,03-01-05-01-02-01-15
ravdess/Actor_15\03-01-05-01-02-02-15_angry.wav,03-01-05-01-02-02-15
ravdess/Actor_15\03-01-05-02-01-01-15_angry.wav,03-01-05-02-01-01-15
ravdess/Actor_15\03-01-05-02-01-02-15_angry.wav,03-01-05-02-01-02-15
ravdess/Actor_15\03-01-05-02-02-01-15_angry.wav,03-01-05-02-02-01-15
ravdess/Actor_15\03-01-05-02-02-02-15_angry.wav,03-01-05-02-02-02-15
ravdess/Actor_15\03-01-06-01-01-01-15_fear.wav,03-01-06-01-01-01-15
ravdess/Actor_15\03-01-06-01-01-02-15_fear.wav,03-01-06-01-01-02-15
ravdess/Actor_15\03-01-06-01-02-01-15_fear.wav,03-01-06-01-02-01-15
ravdess/Actor_15\03-01-06-01-02-02-15_fear.wav,03-01-06-01-02-02-15
ravdess/Actor_15\03-01-06-02-01-01-15_fear.wav,03-01-06-02-01-01-15
ravdess/Actor_15\03-01-06-02-01-02-15_fear.wav,03-01-06-02-01-02-15
ravdess/Actor_15\03-01-06-02-02-01-15_fear.wav,03-01-06-02-02-01-15
ravdess/Actor_15\03-01-07-01-01-01-15_disgust.wav,03-01-07-01-01-01-15
ravdess/Actor_15\03-01-07-01-01-02-15_disgust.wav,03-01-07-01-01-02-15
ravdess/Actor_15\03-01-07-01-02-01-15_disgust.wav,03-01-07-01-02-01-15
ravdess/Actor_15\03-01-07-01-02-02-15_disgust.wav,03-01-07-01-02-02-15
ravdess/Actor_15\03-01-07-02-01-01-15_disgust.wav,03-01-07-02-01-01-15
ravdess/Actor_15\03-01-07-02-02-01-15_disgust.wav,03-01-07-02-02-01-15
ravdess/Actor_15\03-01-08-01-01-01-15_surprised.wav,03-01-08-01-01-01-15
ravdess/Actor_15\03-01-08-01-01-02-15_surprised.wav,03-01-08-01-01-02-15
ravdess/Actor_15\03-01-08-01-02-01-15_surprised.wav,03-01-08-01-02-01-15
ravdess/Actor_15\03-01-08-01-02-02-15_surprised.wav,03-01-08-01-02-02-15
ravdess/Actor_15\03-01-08-02-01-01-15_surprised.wav,03-01-08-02-01-01-15
ravdess/Actor_15\03-01-08-02-01-02-15_surprised.wav,03-01-08-02-01-02-15
ravdess/Actor_15\03-01-08-02-02-01-15_surprised.wav,03-01-08-02-02-01-15
ravdess/Actor_15\03-01-08-02-02-02-15_surprised.wav,03-01-08-02-02-02-15
ravdess/Actor_16\03-01-01-01-01-01-16_neutral.wav,03-01-01-01-01-01-16
ravdess/Actor_16\03-01-01-01-01-02-16_neutral.wav,03-01-01-01-01-02-16
ravdess/Actor_16\03-01-01-01-02-02-16_neutral.wav,03-01-01-01-02-02-16
ravdess/Actor_16\03-01-03-01-01-01-16_happy.wav,03-01-03-01-01-01-16
ravdess/Actor_16\03-01-03-01-01-02-16_happy.wav,03-01-03-01-01-02-16
ravdess/Actor_16\03-01-03-01-02-01-16_happy.wav,03-01-03-01-02-01-16
ravdess/Actor_16\03-01-03-02-01-01-16_happy.wav,03-01-03-02-01-01-16
ravdess/Actor_16\03-01-03-02-01-02-16_happy.wav,03-01-03-02-01-02-16
ravdess/Actor_16\03-01-03-02-02-01-16_happy.wav,03-01-03-02-02-01-16
ravdess/Actor_16\03-01-03-02-02-02-16_happy.wav,03-01-03-02-02-02-16
ravdess/Actor_16\03-01-04-01-01-01-16_sad.wav,03-01-04-01-01-01-16
ravdess/Actor_16\03-01-04-01-01-02-16_sad.wav,03-01-04-01-01-02-16
ravdess/Actor_16\03-01-04-01-02-01-16_sad.wav,03-01-04-01-02-01-16
ravdess/Actor_16\03-01-04-01-02-02-16_sad.wav,03-01-04-01-02-02-16
ravdess/Actor_16\03-01-04-02-01-01-16_sad.wav,03-01-04-02-01-01-16
ravdess/Actor_16\03-01-04-02-01-02-16_sad.wav,03-01-04-02-01-02-16
ravdess/Actor_16\03-01-04-02-02-01-16_sad.wav,03-01-04-02-02-01-16
ravdess/Actor_16\03-01-04-02-02-02-16_sad.wav,03-01-04-02-02-02-16
ravdess/Actor_16\03-01-05-01-01-01-16_angry.wav,03-01-05-01-01-01-16
ravdess/Actor_16\03-01-05-01-01-02-16_angry.wav,03-01-05-01-01-02-16
ravdess/Actor_16\03-01-05-01-02-01-16_angry.wav,03-01-05-01-02-01-16
ravdess/Actor_16\03-01-05-01-02-02-16_angry.wav,03-01-05-01-02-02-16
ravdess/Actor_16\03-01-05-02-01-01-16_angry.wav,03-01-05-02-01-01-16
ravdess/Actor_16\03-01-05-02-01-02-16_angry.wav,03-01-05-02-01-02-16
ravdess/Actor_16\03-01-05-02-02-01-16_angry.wav,03-01-05-02-02-01-16
ravdess/Actor_16\03-01-05-02-02-02-16_angry.wav,03-01-05-02-02-02-16
ravdess/Actor_16\03-01-06-01-01-01-16_fear.wav,03-01-06-01-01-01-16
ravdess/Actor_16\03-01-06-01-01-02-16_fear.wav,03-01-06-01-01-02-16
ravdess/Actor_16\03-01-06-01-02-01-16_fear.wav,03-01-06-01-02-01-16
ravdess/Actor_16\03-01-06-01-02-02-16_fear.wav,03-01-06-01-02-02-16
ravdess/Actor_16\03-01-06-02-01-01-16_fear.wav,03-01-06-02-01-01-16
ravdess/Actor_16\03-01-06-02-01-02-16_fear.wav,03-01-06-02-01-02-16
ravdess/Actor_16\03-01-06-02-02-01-16_fear.wav,03-01-06-02-02-01-16
ravdess/Actor_16\03-01-06-02-02-02-16_fear.wav,03-01-06-02-02-02-16
ravdess/Actor_16\03-01-07-01-01-02-16_disgust.wav,03-01-07-01-01-02-16
ravdess/Actor_16\03-01-07-01-02-01-16_disgust.wav,03-01-07-01-02-01-16
ravdess/Actor_16\03-01-07-01-02-02-16_disgust.wav,03-01-07-01-02-02-16
ravdess/Actor_16\03-01-07-02-01-01-16_disgust.wav,03-01-07-02-01-01-16
ravdess/Actor_16\03-01-07-02-01-02-16_disgust.wav,03-01-07-02-01-02-16
ravdess/Actor_16\03-01-07-02-02-01-16_disgust.wav,03-01-07-02-02-01-16
ravdess/Actor_16\03-01-07-02-02-02-16_disgust.wav,03-01-07-02-02-02-16
ravdess/Actor_16\03-01-08-01-01-01-16_surprised.wav,03-01-08-01-01-01-16
ravdess/Actor_16\03-01-08-01-01-02-16_surprised.wav,03-01-08-01-01-02-16
ravdess/Actor_16\03-01-08-01-02-02-16_surprised.wav,03-01-08-01-02-02-16
ravdess/Actor_16\03-01-08-02-01-01-16_surprised.wav,03-01-08-02-01-01-16
ravdess/Actor_16\03-01-08-02-01-02-16_surprised.wav,03-01-08-02-01-02-16
ravdess/Actor_16\03-01-08-02-02-01-16_surprised.wav,03-01-08-02-02-01-16
ravdess/Actor_16\03-01-08-02-02-02-16_surprised.wav,03-01-08-02-02-02-16
ravdess/Actor_17\03-01-01-01-01-01-17_neutral.wav,03-01-01-01-01-01-17
ravdess/Actor_17\03-01-01-01-01-02-17_neutral.wav,03-01-01-01-01-02-17
ravdess/Actor_17\03-01-01-01-02-01-17_neutral.wav,03-01-01-01-02-01-17
ravdess/Actor_17\03-01-01-01-02-02-17_neutral.wav,03-01-01-01-02-02-17
ravdess/Actor_17\03-01-03-01-01-01-17_happy.wav,03-01-03-01-01-01-17
ravdess/Actor_17\03-01-03-01-01-02-17_happy.wav,03-01-03-01-01-02-17
ravdess/Actor_17\03-01-03-02-01-01-17_happy.wav,03-01-03-02-01-01-17
ravdess/Actor_17\03-01-03-02-01-02-17_happy.wav,03-01-03-02-01-02-17
ravdess/Actor_17\03-01-03-02-02-01-17_happy.wav,03-01-03-02-02-01-17
ravdess/Actor_17\03-01-03-02-02-02-17_happy.wav,03-01-03-02-02-02-17
ravdess/Actor_17\03-01-04-01-01-01-17_sad.wav,03-01-04-01-01-01-17
ravdess/Actor_17\03-01-04-01-01-02-17_sad.wav,03-01-04-01-01-02-17
ravdess/Actor_17\03-01-04-01-02-02-17_sad.wav,03-01-04-01-02-02-17
ravdess/Actor_17\03-01-04-02-01-01-17_sad.wav,03-01-04-02-01-01-17
ravdess/Actor_17\03-01-04-02-01-02-17_sad.wav,03-01-04-02-01-02-17
ravdess/Actor_17\03-01-04-02-02-01-17_sad.wav,03-01-04-02-02-01-17
ravdess/Actor_17\03-01-04-02-02-02-17_sad.wav,03-01-04-02-02-02-17
ravdess/Actor_17\03-01-05-01-01-01-17_angry.wav,03-01-05-01-01-01-17
ravdess/Actor_17\03-01-05-01-01-02-17_angry.wav,03-01-05-01-01-02-17
ravdess/Actor_17\03-01-05-01-02-01-17_angry.wav,03-01-05-01-02-01-17
ravdess/Actor_17\03-01-05-01-02-02-17_angry.wav,03-01-05-01-02-02-17
ravdess/Actor_17\03-01-05-02-01-01-17_angry.wav,03-01-05-02-01-01-17
ravdess/Actor_17\03-01-05-02-02-01-17_angry.wav,03-01-05-02-02-01-17
ravdess/Actor_17\03-01-05-02-02-02-17_angry.wav,03-01-05-02-02-02-17
ravdess/Actor_17\03-01-06-01-01-01-17_fear.wav,03-01-06-01-01-01-17
ravdess/Actor_17\03-01-06-01-01-02-17_fear.wav,03-01-06-01-01-02-17
ravdess/Actor_17\03-01-06-01-02-02-17_fear.wav,03-01-06-01-02-02-17
ravdess/Actor_17\03-01-06-02-01-01-17_fear.wav,03-01-06-02-01-01-17
ravdess/Actor_17\03-01-06-02-01-02-17_fear.wav,03-01-06-02-01-02-17
ravdess/Actor_17\03-01-06-02-02-01-17_fear.wav,03-01-06-02-02-01-17
ravdess/Actor_17\03-01-06-02-02-02-17_fear.wav,03-01-06-02-02-02-17
ravdess/Actor_17\03-01-07-01-01-01-17_disgust.wav,03-01-07-01-01-01-17
ravdess/Actor_17\03-01-07-01-01-02-17_disgust.wav,03-01-07-01-01-02-17
ravdess/Actor_17\03-01-07-01-02-01-17_disgust.wav,03-01-07-01-02-01-17
ravdess/Actor_17\03-01-07-01-02-02-17_disgust.wav,03-01-07-01-02-02-17
ravdess/Actor_17\03-01-07-02-01-01-17_disgust.wav,03-01-07-02-01-01-17
ravdess/Actor_17\03-01-07-02-01-02-17_disgust.wav,03-01-07-02-01-02-17
ravdess/Actor_17\03-01-07-02-02-01-17_disgust.wav,03-01-07-02-02-01-17
ravdess/Actor_17\03-01-07-02-02-02-17_disgust.wav,03-01-07-02-02-02-17
ravdess/Actor_17\03-01-08-01-01-02-17_surprised.wav,03-01-08-01-01-02-17
ravdess/Actor_17\03-01-08-01-02-01-17_surprised.wav,03-01-08-01-02-01-17
ravdess/Actor_17\03-01-08-01-02-02-17_surprised.wav,03-01-08-01-02-02-17
ravdess/Actor_17\03-01-08-02-01-01-17_surprised.wav,03-01-08-02-01-01-17
ravdess/Actor_17\03-01-08-02-01-02-17_surprised.wav,03-01-08-02-01-02-17
ravdess/Actor_17\03-01-08-02-02-01-17_surprised.wav,03-01-08-02-02-01-17
ravdess/Actor_17\03-01-08-02-02-02-17_surprised.wav,03-01-08-02-02-02-17
ravdess/Actor_18\03-01-01-01-01-01-18_neutral.wav,03-01-01-01-01-01-18
ravdess/Actor_18\03-01-01-01-01-02-18_neutral.wav,03-01-01-01-01-02-18
ravdess/Actor_18\03-01-01-01-02-01-18_neutral.wav,03-01-01-01-02-01-18
ravdess/Actor_18\03-01-01-01-02-02-18_neutral.wav,03-01-01-01-02-02-18
ravdess/Actor_18\03-01-03-01-01-01-18_happy.wav,03-01-03-01-01-01-18
ravdess/Actor_18\03-01-03-01-01-02-18_happy.wav,03-01-03-01-01-02-18
ravdess/Actor_18\03-01-03-01-02-01-18_happy.wav,03-01-03-01-02-01-18
ravdess/Actor_18\03-01-03-01-02-02-18_happy.wav,03-01-03-01-02-02-18
ravdess/Actor_18\03-01-03-02-01-01-18_happy.wav,03-01-03-02-01-01-18
ravdess/Actor_18\03-01-03-02-01-02-18_happy.wav,03-01-03-02-01-02-18
ravdess/Actor_18\03-01-03-02-02-01-18_happy.wav,03-01-03-02-02-01-18
ravdess/Actor_18\03-01-03-02-02-02-18_happy.wav,03-01-03-02-02-02-18
ravdess/Actor_18\03-01-04-01-01-01-18_sad.wav,03-01-04-01-01-01-18
ravdess/Actor_18\03-01-04-01-01-02-18_sad.wav,03-01-04-01-01-02-18
ravdess/Actor_18\03-01-04-01-02-01-18_sad.wav,03-01-04-01-02-01-18
ravdess/Actor_18\03-01-04-01-02-02-18_sad.wav,03-01-04-01-02-02-18
ravdess/Actor_18\03-01-04-02-01-01-18_sad.wav,03-01-04-02-01-01-18
ravdess/Actor_18\03-01-04-02-01-02-18_sad.wav,03-01-04-02-01-02-18
ravdess/Actor_18\03-01-04-02-02-01-18_sad.wav,03-01-04-02-02-01-18
ravdess/Actor_18\03-01-04-02-02-02-18_sad.wav,03-01-04-02-02-02-18
ravdess/Actor_18\03-01-05-01-01-01-18_angry.wav,03-01-05-01-01-01-18
ravdess/Actor_18\03-01-05-01-01-02-18_angry.wav,03-01-05-01-01-02-18
ravdess/Actor_18\03-01-05-01-02-01-18_angry.wav,03-01-05-01-02-01-18
ravdess/Actor_18\03-01-05-01-02-02-18_angry.wav,03-01-05-01-02-02-18
ravdess/Actor_18\03-01-05-02-01-01-18_angry.wav,03-01-05-02-01-01-18
ravdess/Actor_18\03-01-05-02-01-02-18_angry.wav,03-01-05-02-01-02-18
ravdess/Actor_18\03-01-05-02-02-01-18_angry.wav,03-01-05-02-02-01-18
ravdess/Actor_18\03-01-05-02-02-02-18_angry.wav,03-01-05-02-02-02-18
ravdess/Actor_18\03-01-06-01-01-01-18_fear.wav,03-01-06-01-01-01-18
ravdess/Actor_18\03-01-06-01-02-01-18_fear.wav,03-01-06-01-02-01-18
ravdess/Actor_18\03-01-06-01-02-02-18_fear.wav,03-01-06-01-02-02-18
ravdess/Actor_18\03-01-06-02-01-01-18_fear.wav,03-01-06-02-01-01-18
ravdess/Actor_18\03-01-06-02-01-02-18_fear.wav,03-01-06-02-01-02-18
ravdess/Actor_18\03-01-06-02-02-01-18_fear.wav,03-01-06-02-02-01-18
ravdess/Actor_18\03-01-06-02-02-02-18_fear.wav,03-01-06-02-02-02-18
ravdess/Actor_18\03-01-07-01-01-01-18_disgust.wav,03-01-07-01-01-01-18
ravdess/Actor_18\03-01-07-01-01-02-18_disgust.wav,03-01-07-01-01-02-18
ravdess/Actor_18\03-01-07-01-02-01-18_disgust.wav,03-01-07-01-02-01-18
ravdess/Actor_18\03-01-07-01-02-02-18_disgust.wav,03-01-07-01-02-02-18
ravdess/Actor_18\03-01-07-02-01-01-18_disgust.wav,03-01-07-02-01-01-18
ravdess/Actor_18\03-01-07-02-01-02-18_disgust.wav,03-01-07-02-01-02-18
ravdess/Actor_18\03-01-07-02-02-01-18_disgust.wav,03-01-07-02-02-01-18
ravdess/Actor_18\03-01-07-02-02-02-18_disgust.wav,03-01-07-02-02-02-18
ravdess/Actor_18\03-01-08-01-01-01-18_surprised.wav,03-01-08-01-01-01-18
ravdess/Actor_18\03-01-08-01-01-02-18_surprised.wav,03-01-08-01-01-02-18
ravdess/Actor_18\03-01-08-01-02-01-18_surprised.wav,03-01-08-01-02-01-18
ravdess/Actor_18\03-01-08-01-02-02-18_surprised.wav,03-01-08-01-02-02-18
ravdess/Actor_18\03-01-08-02-01-01-18_surprised.wav,03-01-08-02-01-01-18
ravdess/Actor_18\03-01-08-02-02-01-18_surprised.wav,03-01-08-02-02-01-18
ravdess/Actor_18\03-01-08-02-02-02-18_surprised.wav,03-01-08-02-02-02-18
ravdess/Actor_19\03-01-01-01-01-01-19_neutral.wav,03-01-01-01-01-01-19
ravdess/Actor_19\03-01-01-01-01-02-19_neutral.wav,03-01-01-01-01-02-19
ravdess/Actor_19\03-01-01-01-02-01-19_neutral.wav,03-01-01-01-02-01-19
ravdess/Actor_19\03-01-01-01-02-02-19_neutral.wav,03-01-01-01-02-02-19
ravdess/Actor_19\03-01-03-01-01-01-19_happy.wav,03-01-03-01-01-01-19
ravdess/Actor_19\03-01-03-01-01-02-19_happy.wav,03-01-03-01-01-02-19
ravdess/Actor_19\03-01-03-01-02-02-19_happy.wav,03-01-03-01-02-02-19
ravdess/Actor_19\03-01-03-02-01-02-19_happy.wav,03-01-03-02-01-02-19
ravdess/Actor_19\03-01-03-02-02-01-19_happy.wav,03-01-03-02-02-01-19
ravdess/Actor_19\03-01-03-02-02-02-19_happy.wav,03-01-03-02-02-02-19
ravdess/Actor_19\03-01-04-01-01-01-19_sad.wav,03-01-04-01-01-01-19
ravdess/Actor_19\03-01-04-01-01-02-19_sad.wav,03-01-04-01-01-02-19
ravdess/Actor_19\03-01-04-01-02-01-19_sad.wav,03-01-04-01-02-01-19
ravdess/Actor_19\03-01-04-01-02-02-19_sad.wav,03-01-04-01-02-02-19
ravdess/Actor_19\03-01-04-02-01-01-19_sad.wav,03-01-04-02-01-01-19
ravdess/Actor_19\03-01-04-02-01-02-19_sad.wav,03-01-04-02-01-02-19
ravdess/Actor_19\03-01-04-02-02-01-19_sad.wav,03-01-04-02-02-01-19
ravdess/Actor_19\03-01-04-02-02-02-19_sad.wav,03-01-04-02-02-02-19
ravdess/Actor_19\03-01-05-01-01-01-19_angry.wav,03-01-05-01-01-01-19
ravdess/Actor_19\03-01-05-01-01-02-19_angry.wav,03-01-05-01-01-02-19
ravdess/Actor_19\03-01-05-01-02-01-19_angry.wav,03-01-05-01-02-01-19
ravdess/Actor_19\03-01-05-01-02-02-19_angry.wav,03-01-05-01-02-02-19
ravdess/Actor_19\03-01-05-02-01-01-19_angry.wav,03-01-05-02-01-01-19
ravdess/Actor_19\03-01-05-02-01-02-19_angry.wav,03-01-05-02-01-02-19
ravdess/Actor_19\03-01-05-02-02-01-19_angry.wav,03-01-05-02-02-01-19
ravdess/Actor_19\03-01-05-02-02-02-19_angry.wav,03-01-05-02-02-02-19
ravdess/Actor_19\03-01-06-01-01-01-19_fear.wav,03-01-06-01-01-01-19
ravdess/Actor_19\03-01-06-01-01-02-19_fear.wav,03-01-06-01-01-02-19
ravdess/Actor_19\03-01-06-01-02-01-19_fear.wav,03-01-06-01-02-01-19
ravdess/Actor_19\03-01-06-01-02-02-19_fear.wav,03-01-06-01-02-02-19
ravdess/Actor_19\03-01-06-02-01-01-19_fear.wav,03-01-06-02-01-01-19
ravdess/Actor_19\03-01-06-02-01-02-19_fear.wav,03-01-06-02-01-02-19
ravdess/Actor_19\03-01-06-02-02-01-19_fear.wav,03-01-06-02-02-01-19
ravdess/Actor_19\03-01-06-02-02-02-19_fear.wav,03-01-06-02-02-02-19
ravdess/Actor_19\03-01-07-01-01-02-19_disgust.wav,03-01-07-01-01-02-19
ravdess/Actor_19\03-01-07-01-02-01-19_disgust.wav,03-01-07-01-02-01-19
ravdess/Actor_19\03-01-07-01-02-02-19_disgust.wav,03-01-07-01-02-02-19
ravdess/Actor_19\03-01-07-02-01-01-19_disgust.wav,03-01-07-02-01-01-19
ravdess/Actor_19\03-01-07-02-01-02-19_disgust.wav,03-01-07-02-01-02-19
ravdess/Actor_19\03-01-07-02-02-01-19_disgust.wav,03-01-07-02-02-01-19
ravdess/Actor_19\03-01-08-01-01-01-19_surprised.wav,03-01-08-01-01-01-19
ravdess/Actor_19\03-01-08-01-01-02-19_surprised.wav,03-01-08-01-01-02-19
ravdess/Actor_19\03-01-08-01-02-01-19_surprised.wav,03-01-08-01-02-01-19
ravdess/Actor_19\03-01-08-01-02-02-19_surprised.wav,03-01-08-01-02-02-19
ravdess/Actor_19\03-01-08-02-01-01-19_surprised.wav,03-01-08-02-01-01-19
ravdess/Actor_19\03-01-08-02-01-02-19_surprised.wav,03-01-08-02-01-02-19
ravdess/Actor_19\03-01-08-02-02-01-19_surprised.wav,03-01-08-02-02-01-19
ravdess/Actor_19\03-01-08-02-02-02-19_surprised.wav,03-01-08-02-02-02-19
ravdess/Actor_20\03-01-01-01-01-01-20_neutral.wav,03-01-01-01-01-01-20
ravdess/Actor_20\03-01-01-01-01-02-20_neutral.wav,03-01-01-01-01-02-20
ravdess/Actor_20\03-01-01-01-02-01-20_neutral.wav,03-01-01-01-02-01-20
ravdess/Actor_20\03-01-01-01-02-02-20_neutral.wav,03-01-01-01-02-02-20
ravdess/Actor_20\03-01-03-01-01-01-20_happy.wav,03-01-03-01-01-01-20
ravdess/Actor_20\03-01-03-01-01-02-20_happy.wav,03-01-03-01-01-02-20
ravdess/Actor_20\03-01-03-01-02-01-20_happy.wav,03-01-03-01-02-01-20
ravdess/Actor_20\03-01-03-01-02-02-20_happy.wav,03-01-03-01-02-02-20
ravdess/Actor_20\03-01-03-02-01-01-20_happy.wav,03-01-03-02-01-01-20
ravdess/Actor_20\03-01-03-02-01-02-20_happy.wav,03-01-03-02-01-02-20
ravdess/Actor_20\03-01-03-02-02-01-20_happy.wav,03-01-03-02-02-01-20
ravdess/Actor_20\03-01-03-02-02-02-20_happy.wav,03-01-03-02-02-02-20
ravdess/Actor_20\03-01-04-01-01-01-20_sad.wav,03-01-04-01-01-01-20
ravdess/Actor_20\03-01-04-01-01-02-20_sad.wav,03-01-04-01-01-02-20
ravdess/Actor_20\03-01-04-01-02-01-20_sad.wav,03-01-04-01-02-01-20
ravdess/Actor_20\03-01-04-01-02-02-20_sad.wav,03-01-04-01-02-02-20
ravdess/Actor_20\03-01-04-02-01-01-20_sad.wav,03-01-04-02-01-01-20
ravdess/Actor_20\03-01-04-02-01-02-20_sad.wav,03-01-04-02-01-02-20
ravdess/Actor_20\03-01-04-02-02-01-20_sad.wav,03-01-04-02-02-01-20
ravdess/Actor_20\03-01-04-02-02-02-20_sad.wav,03-01-04-02-02-02-20
ravdess/Actor_20\03-01-05-01-01-01-20_angry.wav,03-01-05-01-01-01-20
ravdess/Actor_20\03-01-05-01-01-02-20_angry.wav,03-01-05-01-01-02-20
ravdess/Actor_20\03-01-05-01-02-01-20_angry.wav,03-01-05-01-02-01-20
ravdess/Actor_20\03-01-05-01-02-02-20_angry.wav,03-01-05-01-02-02-20
ravdess/Actor_20\03-01-05-02-01-01-20_angry.wav,03-01-05-02-01-01-20
ravdess/Actor_20\03-01-05-02-01-02-20_angry.wav,03-01-05-02-01-02-20
ravdess/Actor_20\03-01-05-02-02-01-20_angry.wav,03-01-05-02-02-01-20
ravdess/Actor_20\03-01-06-01-01-02-20_fear.wav,03-01-06-01-01-02-20
ravdess/Actor_20\03-01-06-01-02-01-20_fear.wav,03-01-06-01-02-01-20
ravdess/Actor_20\03-01-06-01-02-02-20_fear.wav,03-01-06-01-02-02-20
ravdess/Actor_20\03-01-06-02-01-01-20_fear.wav,03-01-06-02-01-01-20
ravdess/Actor_20\03-01-06-02-01-02-20_fear.wav,03-01-06-02-01-02-20
ravdess/Actor_20\03-01-06-02-02-01-20_fear.wav,03-01-06-02-02-01-20
ravdess/Actor_20\03-01-06-02-02-02-20_fear.wav,03-01-06-02-02-02-20
ravdess/Actor_20\03-01-07-01-01-01-20_disgust.wav,03-01-07-01-01-01-20
ravdess/Actor_20\03-01-07-01-01-02-20_disgust.wav,03-01-07-01-01-02-20
ravdess/Actor_20\03-01-07-01-02-01-20_disgust.wav,03-01-07-01-02-01-20
ravdess/Actor_20\03-01-07-01-02-02-20_disgust.wav,03-01-07-01-02-02-20
ravdess/Actor_20\03-01-07-02-01-01-20_disgust.wav,03-01-07-02-01-01-20
ravdess/Actor_20\03-01-07-02-01-02-20_disgust.wav,03-01-07-02-01-02-20
ravdess/Actor_20\03-01-07-02-02-01-20_disgust.wav,03-01-07-02-02-01-20
ravdess/Actor_20\03-01-07-02-02-02-20_disgust.wav,03-01-07-02-02-02-20
ravdess/Actor_20\03-01-08-01-01-01-20_surprised.wav,03-01-08-01-01-01-20
ravdess/Actor_20\03-01-08-01-01-02-20_surprised.wav,03-01-08-01-01-02-20
ravdess/Actor_20\03-01-08-01-02-01-20_surprised.wav,03-01-08-01-02-01-20
ravdess/Actor_20\03-01-08-01-02-02-20_surprised.wav,03-01-08-01-02-02-20
ravdess/Actor_20\03-01-08-02-01-01-20_surprised.wav,03-01-08-02-01-01-20
ravdess/Actor_20\03-01-08-02-01-02-20_surprised.wav,03-01-08-02-01-02-20
ravdess/Actor_20\03-01-08-02-02-02-20_surprised.wav,03-01-08-02-02-02-20
ravdess/Actor_21\03-01-01-01-01-01-21_neutral.wav,03-01-01-01-01-01-21
ravdess/Actor_21\03-01-01-01-01-02-21_neutral.wav,03-01-01-01-01-02-21
ravdess/Actor_21\03-01-01-01-02-01-21_neutral.wav,03-01-01-01-02-01-21
ravdess/Actor_21\03-01-01-01-02-02-21_neutral.wav,03-01-01-01-02-02-21
ravdess/Actor_21\03-01-03-01-01-02-21_happy.wav,03-01-03-01-01-02-21
ravdess/Actor_21\03-01-03-01-02-01-21_happy.wav,03-01-03-01-02-01-21
ravdess/Actor_21\03-01-03-01-02-02-21_happy.wav,03-01-03-01-02-02-21
ravdess/Actor_21\03-01-03-02-01-01-21_happy.wav,03-01-03-02-01-01-21
ravdess/Actor_21\03-01-03-02-01-02-21_happy.wav,03-01-03-02-01-02-21
ravdess/Actor_21\03-01-03-02-02-01-21_happy.wav,03-01-03-02-02-01-21
ravdess/Actor_21\03-01-03-02-02-02-21_happy.wav,03-01-03-02-02-02-21
ravdess/Actor_21\03-01-04-01-01-01-21_sad.wav,03-01-04-01-01-01-21
ravdess/Actor_21\03-01-04-01-02-01-21_sad.wav,03-01-04-01-02-01-21
ravdess/Actor_21\03-01-04-01-02-02-21_sad.wav,03-01-04-01-02-02-21
ravdess/Actor_21\03-01-04-02-01-02-21_sad.wav,03-01-04-02-01-02-21
ravdess/Actor_21\03-01-04-02-02-01-21_sad.wav,03-01-04-02-02-01-21
ravdess/Actor_21\03-01-04-02-02-02-21_sad.wav,03-01-04-02-02-02-21
ravdess/Actor_21\03-01-05-01-01-01-21_angry.wav,03-01-05-01-01-01-21
ravdess/Actor_21\03-01-05-01-01-02-21_angry.wav,03-01-05-01-01-02-21
ravdess/Actor_21\03-01-05-01-02-01-21_angry.wav,03-01-05-01-02-01-21
ravdess/Actor_21\03-01-05-01-02-02-21_angry.wav,03-01-05-01-02-02-21
ravdess/Actor_21\03-01-05-02-01-01-21_angry.wav,03-01-05-02-01-01-21
ravdess/Actor_21\03-01-05-02-01-02-21_angry.wav,03-01-05-02-01-02-21
ravdess/Actor_21\03-01-05-02-02-01-21_angry.wav,03-01-05-02-02-01-21
ravdess/Actor_21\03-01-06-01-01-02-21_fear.wav,03-01-06-01-01-02-21
ravdess/Actor_21\03-01-06-01-02-01-21_fear.wav,03-01-06-01-02-01-21
ravdess/Actor_21\03-01-06-01-02-02-21_fear.wav,03-01-06-01-02-02-21
ravdess/Actor_21\03-01-06-02-01-01-21_fear.wav,03-01-06-02-01-01-21
ravdess/Actor_21\03-01-06-02-02-01-21_fear.wav,03-01-06-02-02-01-21
ravdess/Actor_21\03-01-06-02-02-02-21_fear.wav,03-01-06-02-02-02-21
ravdess/Actor_21\03-01-07-01-01-01-21_disgust.wav,03-01-07-01-01-01-21
ravdess/Actor_21\03-01-07-01-01-02-21_disgust.wav,03-01-07-01-01-02-21
ravdess/Actor_21\03-01-07-01-02-01-21_disgust.wav,03-01-07-01-02-01-21
ravdess/Actor_21\03-01-07-01-02-02-21_disgust.wav,03-01-07-01-02-02-21
ravdess/Actor_21\03-01-07-02-01-01-21_disgust.wav,03-01-07-02-01-01-21
ravdess/Actor_21\03-01-07-02-01-02-21_disgust.wav,03-01-07-02-01-02-21
ravdess/Actor_21\03-01-07-02-02-01-21_disgust.wav,03-01-07-02-02-01-21
ravdess/Actor_21\03-01-07-02-02-02-21_disgust.wav,03-01-07-02-02-02-21
ravdess/Actor_21\03-01-08-01-01-02-21_surprised.wav,03-01-08-01-01-02-21
ravdess/Actor_21\03-01-08-01-02-01-21_surprised.wav,03-01-08-01-02-01-21
ravdess/Actor_21\03-01-08-01-02-02-21_surprised.wav,03-01-08-01-02-02-21
ravdess/Actor_21\03-01-08-02-01-01-21_surprised.wav,03-01-08-02-01-01-21
ravdess/Actor_21\03-01-08-02-01-02-21_surprised.wav,03-01-08-02-01-02-21
ravdess/Actor_21\03-01-08-02-02-01-21_surprised.wav,03-01-08-02-02-01-21
ravdess/Actor_21\03-01-08-02-02-02-21_surprised.wav,03-01-08-02-02-02-21
ravdess/Actor_22\03-01-01-01-01-01-22_neutral.wav,03-01-01-01-01-01-22
ravdess/Actor_22\03-01-01-01-02-01-22_neutral.wav,03-01-01-01-02-01-22
ravdess/Actor_22\03-01-01-01-02-02-22_neutral.wav,03-01-01-01-02-02-22
ravdess/Actor_22\03-01-03-01-01-01-22_happy.wav,03-01-03-01-01-01-22
ravdess/Actor_22\03-01-03-01-01-02-22_happy.wav,03-01-03-01-01-02-22
ravdess/Actor_22\03-01-03-01-02-02-22_happy.wav,03-01-03-01-02-02-22
ravdess/Actor_22\03-01-03-02-01-01-22_happy.wav,03-01-03-02-01-01-22
ravdess/Actor_22\03-01-03-02-02-01-22_happy.wav,03-01-03-02-02-01-22
ravdess/Actor_22\03-01-03-02-02-02-22_happy.wav,03-01-03-02-02-02-22
ravdess/Actor_22\03-01-04-01-01-01-22_sad.wav,03-01-04-01-01-01-22
ravdess/Actor_22\03-01-04-01-01-02-22_sad.wav,03-01-04-01-01-02-22
ravdess/Actor_22\03-01-04-01-02-01-22_sad.wav,03-01-04-01-02-01-22
ravdess/Actor_22\03-01-04-01-02-02-22_sad.wav,03-01-04-01-02-02-22
ravdess/Actor_22\03-01-04-02-01-01-22_sad.wav,03-01-04-02-01-01-22
ravdess/Actor_22\03-01-04-02-01-02-22_sad.wav,03-01-04-02-01-02-22
ravdess/Actor_22\03-01-04-02-02-01-22_sad.wav,03-01-04-02-02-01-22
ravdess/Actor_22\03-01-04-02-02-02-22_sad.wav,03-01-04-02-02-02-22
ravdess/Actor_22\03-01-05-01-01-01-22_angry.wav,03-01-05-01-01-01-22
ravdess/Actor_22\03-01-05-01-01-02-22_angry.wav,03-01-05-01-01-02-22
ravdess/Actor_22\03-01-05-01-02-01-22_angry.wav,03-01-05-01-02-01-22
ravdess/Actor_22\03-01-05-01-02-02-22_angry.wav,03-01-05-01-02-02-22
ravdess/Actor_22\03-01-05-02-01-01-22_angry.wav,03-01-05-02-01-01-22
ravdess/Actor_22\03-01-05-02-01-02-22_angry.wav,03-01-05-02-01-02-22
ravdess/Actor_22\03-01-05-02-02-01-22_angry.wav,03-01-05-02-02-01-22
ravdess/Actor_22\03-01-05-02-02-02-22_angry.wav,03-01-05-02-02-02-22
ravdess/Actor_22\03-01-06-01-01-01-22_fear.wav,03-01-06-01-01-01-22
ravdess/Actor_22\03-01-06-01-01-02-22_fear.wav,03-01-06-01-01-02-22
ravdess/Actor_22\03-01-06-01-02-01-22_fear.wav,03-01-06-01-02-01-22
ravdess/Actor_22\03-01-06-01-02-02-22_fear.wav,03-01-06-01-02-02-22
ravdess/Actor_22\03-01-06-02-01-01-22_fear.wav,03-01-06-02-01-01-22
ravdess/Actor_22\03-01-06-02-01-02-22_fear.wav,03-01-06-02-01-02-22
ravdess/Actor_22\03-01-06-02-02-01-22_fear.wav,03-01-06-02-02-01-22
ravdess/Actor_22\03-01-06-02-02-02-22_fear.wav,03-01-06-02-02-02-22
ravdess/Actor_22\03-01-07-01-01-01-22_disgust.wav,03-01-07-01-01-01-22
ravdess/Actor_22\03-01-07-01-01-02-22_disgust.wav,03-01-07-01-01-02-22
ravdess/Actor_22\03-01-07-01-02-01-22_disgust.wav,03-01-07-01-02-01-22
ravdess/Actor_22\03-01-07-01-02-02-22_disgust.wav,03-01-07-01-02-02-22
ravdess/Actor_22\03-01-07-02-01-01-22_disgust.wav,03-01-07-02-01-01-22
ravdess/Actor_22\03-01-07-02-01-02-22_disgust.wav,03-01-07-02-01-02-22
ravdess/Actor_22\03-01-07-02-02-01-22_disgust.wav,03-01-07-02-02-01-22
ravdess/Actor_22\03-01-07-02-02-02-22_disgust.wav,03-01-07-02-02-02-22
ravdess/Actor_22\03-01-08-01-01-01-22_surprised.wav,03-01-08-01-01-01-22
ravdess/Actor_22\03-01-08-01-01-02-22_surprised.wav,03-01-08-01-01-02-22
ravdess/Actor_22\03-01-08-01-02-01-22_surprised.wav,03-01-08-01-02-01-22
ravdess/Actor_22\03-01-08-01-02-02-22_surprised.wav,03-01-08-01-02-02-22
ravdess/Actor_22\03-01-08-02-01-01-22_surprised.wav,03-01-08-02-01-01-22
ravdess/Actor_22\03-01-08-02-01-02-22_surprised.wav,03-01-08-02-01-02-22
ravdess/Actor_22\03-01-08-02-02-01-22_surprised.wav,03-01-08-02-02-01-22
ravdess/Actor_22\03-01-08-02-02-02-22_surprised.wav,03-01-08-02-02-02-22
ravdess/Actor_23\03-01-01-01-01-01-23_neutral.wav,03-01-01-01-01-01-23
ravdess/Actor_23\03-01-01-01-01-02-23_neutral.wav,03-01-01-01-01-02-23
ravdess/Actor_23\03-01-01-01-02-01-23_neutral.wav,03-01-01-01-02-01-23
ravdess/Actor_23\03-01-01-01-02-02-23_neutral.wav,03-01-01-01-02-02-23
ravdess/Actor_23\03-01-03-01-01-01-23_happy.wav,03-01-03-01-01-01-23
ravdess/Actor_23\03-01-03-01-01-02-23_happy.wav,03-01-03-01-01-02-23
ravdess/Actor_23\03-01-03-01-02-01-23_happy.wav,03-01-03-01-02-01-23
ravdess/Actor_23\03-01-03-01-02-02-23_happy.wav,03-01-03-01-02-02-23
ravdess/Actor_23\03-01-03-02-01-01-23_happy.wav,03-01-03-02-01-01-23
ravdess/Actor_23\03-01-03-02-01-02-23_happy.wav,03-01-03-02-01-02-23
ravdess/Actor_23\03-01-03-02-02-01-23_happy.wav,03-01-03-02-02-01-23
ravdess/Actor_23\03-01-03-02-02-02-23_happy.wav,03-01-03-02-02-02-23
ravdess/Actor_23\03-01-04-01-01-01-23_sad.wav,03-01-04-01-01-01-23
ravdess/Actor_23\03-01-04-01-01-02-23_sad.wav,03-01-04-01-01-02-23
ravdess/Actor_23\03-01-04-01-02-01-23_sad.wav,03-01-04-01-02-01-23
ravdess/Actor_23\03-01-04-01-02-02-23_sad.wav,03-01-04-01-02-02-23
ravdess/Actor_23\03-01-04-02-01-01-23_sad.wav,03-01-04-02-01-01-23
ravdess/Actor_23\03-01-04-02-01-02-23_sad.wav,03-01-04-02-01-02-23
ravdess/Actor_23\03-01-04-02-02-01-23_sad.wav,03-01-04-02-02-01-23
ravdess/Actor_23\03-01-04-02-02-02-23_sad.wav,03-01-04-02-02-02-23
ravdess/Actor_23\03-01-05-01-01-01-23_angry.wav,03-01-05-01-01-01-23
ravdess/Actor_23\03-01-05-01-01-02-23_angry.wav,03-01-05-01-01-02-23
ravdess/Actor_23\03-01-05-01-02-01-23_angry.wav,03-01-05-01-02-01-23
ravdess/Actor_23\03-01-05-01-02-02-23_angry.wav,03-01-05-01-02-02-23
ravdess/Actor_23\03-01-05-02-01-01-23_angry.wav,03-01-05-02-01-01-23
ravdess/Actor_23\03-01-05-02-01-02-23_angry.wav,03-01-05-02-01-02-23
ravdess/Actor_23\03-01-05-02-02-01-23_angry.wav,03-01-05-02-02-01-23
ravdess/Actor_23\03-01-05-02-02-02-23_angry.wav,03-01-05-02-02-02-23
ravdess/Actor_23\03-01-06-01-01-01-23_fear.wav,03-01-06-01-01-01-23
ravdess/Actor_23\03-01-06-01-01-02-23_fear.wav,03-01-06-01-01-02-23
ravdess/Actor_23\03-01-06-01-02-02-23_fear.wav,03-01-06-01-02-02-23
ravdess/Actor_23\03-01-06-02-01-01-23_fear.wav,03-01-06-02-01-01-23
ravdess/Actor_23\03-01-06-02-01-02-23_fear.wav,03-01-06-02-01-02-23
ravdess/Actor_23\03-01-06-02-02-01-23_fear.wav,03-01-06-02-02-01-23
ravdess/Actor_23\03-01-06-02-02-02-23_fear.wav,03-01-06-02-02-02-23
ravdess/Actor_23\03-01-07-01-01-01-23_disgust.wav,03-01-07-01-01-01-23
ravdess/Actor_23\03-01-07-01-01-02-23_disgust.wav,03-01-07-01-01-02-23
ravdess/Actor_23\03-01-07-01-02-01-23_disgust.wav,03-01-07-01-02-01-23
ravdess/Actor_23\03-01-07-01-02-02-23_disgust.wav,03-01-07-01-02-02-23
ravdess/Actor_23\03-01-07-02-01-01-23_disgust.wav,03-01-07-02-01-01-23
ravdess/Actor_23\03-01-07-02-01-02-23_disgust.wav,03-01-07-02-01-02-23
ravdess/Actor_23\03-01-07-02-02-01-23_disgust.wav,03-01-07-02-02-01-23
ravdess/Actor_23\03-01-07-02-02-02-23_disgust.wav,03-01-07-02-02-02-23
ravdess/Actor_23\03-01-08-01-01-01-23_surprised.wav,03-01-08-01-01-01-23
ravdess/Actor_23\03-01-08-01-01-02-23_surprised.wav,03-01-08-01-01-02-23
ravdess/Actor_23\03-01-08-01-02-01-23_surprised.wav,03-01-08-01-02-01-23
ravdess/Actor_23\03-01-08-01-02-02-23_surprised.wav,03-01-08-01-02-02-23
ravdess/Actor_23\03-01-08-02-01-01-23_surprised.wav,03-01-08-02-01-01-23
ravdess/Actor_23\03-01-08-02-01-02-23_surprised.wav,03-01-08-02-01-02-23
ravdess/Actor_23\03-01-08-02-02-01-23_surprised.wav,03-01-08-02-02-01-23
ravdess/Actor_23\03-01-08-02-02-02-23_surprised.wav,03-01-08-02-02-02-23
ravdess/Actor_24\03-01-01-01-01-01-24_neutral.wav,03-01-01-01-01-01-24
ravdess/Actor_24\03-01-01-01-01-02-24_neutral.wav,03-01-01-01-01-02-24
ravdess/Actor_24\03-01-01-01-02-01-24_neutral.wav,03-01-01-01-02-01-24
ravdess/Actor_24\03-01-01-01-02-02-24_neutral.wav,03-01-01-01-02-02-24
ravdess/Actor_24\03-01-03-01-01-01-24_happy.wav,03-01-03-01-01-01-24
ravdess/Actor_24\03-01-03-01-01-02-24_happy.wav,03-01-03-01-01-02-24
ravdess/Actor_24\03-01-03-01-02-02-24_happy.wav,03-01-03-01-02-02-24
ravdess/Actor_24\03-01-03-02-01-01-24_happy.wav,03-01-03-02-01-01-24
ravdess/Actor_24\03-01-03-02-01-02-24_happy.wav,03-01-03-02-01-02-24
ravdess/Actor_24\03-01-03-02-02-01-24_happy.wav,03-01-03-02-02-01-24
ravdess/Actor_24\03-01-03-02-02-02-24_happy.wav,03-01-03-02-02-02-24
ravdess/Actor_24\03-01-04-01-01-01-24_sad.wav,03-01-04-01-01-01-24
ravdess/Actor_24\03-01-04-01-01-02-24_sad.wav,03-01-04-01-01-02-24
ravdess/Actor_24\03-01-04-01-02-01-24_sad.wav,03-01-04-01-02-01-24
ravdess/Actor_24\03-01-04-01-02-02-24_sad.wav,03-01-04-01-02-02-24
ravdess/Actor_24\03-01-04-02-01-01-24_sad.wav,03-01-04-02-01-01-24
ravdess/Actor_24\03-01-04-02-01-02-24_sad.wav,03-01-04-02-01-02-24
ravdess/Actor_24\03-01-04-02-02-01-24_sad.wav,03-01-04-02-02-01-24
ravdess/Actor_24\03-01-04-02-02-02-24_sad.wav,03-01-04-02-02-02-24
ravdess/Actor_24\03-01-05-01-01-01-24_angry.wav,03-01-05-01-01-01-24
ravdess/Actor_24\03-01-05-01-01-02-24_angry.wav,03-01-05-01-01-02-24
ravdess/Actor_24\03-01-05-01-02-01-24_angry.wav,03-01-05-01-02-01-24
ravdess/Actor_24\03-01-05-01-02-02-24_angry.wav,03-01-05-01-02-02-24
ravdess/Actor_24\03-01-05-02-01-02-24_angry.wav,03-01-05-02-01-02-24
ravdess/Actor_24\03-01-05-02-02-01-24_angry.wav,03-01-05-02-02-01-24
ravdess/Actor_24\03-01-05-02-02-02-24_angry.wav,03-01-05-02-02-02-24
ravdess/Actor_24\03-01-06-01-01-01-24_fear.wav,03-01-06-01-01-01-24
ravdess/Actor_24\03-01-06-01-01-02-24_fear.wav,03-01-06-01-01-02-24
ravdess/Actor_24\03-01-06-01-02-01-24_fear.wav,03-01-06-01-02-01-24
ravdess/Actor_24\03-01-06-01-02-02-24_fear.wav,03-01-06-01-02-02-24
ravdess/Actor_24\03-01-06-02-01-01-24_fear.wav,03-01-06-02-01-01-24
ravdess/Actor_24\03-01-06-02-01-02-24_fear.wav,03-01-06-02-01-02-24
ravdess/Actor_24\03-01-06-02-02-01-24_fear.wav,03-01-06-02-02-01-24
ravdess/Actor_24\03-01-06-02-02-02-24_fear.wav,03-01-06-02-02-02-24
ravdess/Actor_24\03-01-07-01-01-01-24_disgust.wav,03-01-07-01-01-01-24
ravdess/Actor_24\03-01-07-01-01-02-24_disgust.wav,03-01-07-01-01-02-24
ravdess/Actor_24\03-01-07-01-02-01-24_disgust.wav,03-01-07-01-02-01-24
ravdess/Actor_24\03-01-07-01-02-02-24_disgust.wav,03-01-07-01-02-02-24
ravdess/Actor_24\03-01-07-02-01-01-24_disgust.wav,03-01-07-02-01-01-24
ravdess/Actor_24\03-01-07-02-01-02-24_disgust.wav,03-01-07-02-01-02-24
ravdess/Actor_24\03-01-07-02-02-01-24_disgust.wav,03-01-07-02-02-01-24
ravdess/Actor_24\03-01-07-02-02-02-24_disgust.wav,03-01-07-02-02-02-24
ravdess/Actor_24\03-01-08-01-01-01-24_surprised.wav,03-01-08-01-01-01-24
ravdess/Actor_24\03-01-08-01-01-02-24_surprised.wav,03-01-08-01-01-02-24
ravdess/Actor_24\03-01-08-01-02-01-24_surprised.wav,03-01-08-01-02-01-24
ravdess/Actor_24\03-01-08-01-02-02-24_surprised.wav,03-01-08-01-02-02-24
ravdess/Actor_24\03-01-08-02-01-01-24_surprised.wav,03-01-08-02-01-01-24
ravdess/Actor_24\03-01-08-02-01-02-24_surprised.wav,03-01-08-02-01-02-24
ravdess/Actor_24\03-01-08-02-02-01-24_surprised.wav,03-01-08-02-02-01-24
ravdess/Actor_24\03-01-08-02-02-02-24_surprised.wav,03-01-08-02-02-02-24
